Date,Reunion,Course,Hippodrome,Distance,Corde_Piste,Nature_Piste,Etat_Terrain,Penetrometre,Discipline,Num_PMU,Nom,Age,Sexe,Place_Corde,Oeilleres,Proprietaire,Entraineur,Driver_Jockey,Inedit,Musique,Nb_Courses,Nb_Victoires,Nb_Places,Nb_Places_2e,Nb_Places_3e,Gains_Carriere,Gains_Victoires,Gains_Place,Gains_Annee_En_Cours,Gains_Annee_Precedente,Supplement,Poids,Allure,Cote_Direct,_date,_dist,_horse_key,Hist_Nb_Courses,Hist_Victoires,Hist_Podiums,Hist_Taux_Victoire,Hist_Taux_Podium,Surface_Inferée,Surface_Confiance,Surface_Methode,Surface_Final,Surface_Confiance_Code,Distance_km,Distance_Courte,Distance_Moyenne,Distance_Longue,Surface_PSF,Surface_Gazon,Surface_Inconnue,Mois_Course,Trimestre_Course,Saison_Course,Distance_Classe,Hippodrome_Code,Discipline_Code,Corde_Piste_Code,Oeilleres_Code,Sexe_Code,Inedit_Code,Allure_Code,Surface_Final_Code,Surface_Methode_Code,Distance_Classe_Code,Saison_Course_Code,Corde_Distance_Courte,Hist_Victoire_PSF,Hist_Victoire_Gazon,Hist_Podium_PSF,Hist_Podium_Gazon,Distance_Courte_PSF,Distance_Moyenne_Gazon,Gains_Recent_Forme,Age_Experience,Poids_Distance,Corde_Hippodrome,Proba_Victoire,Proba_Podium,Score_IA
1092026,R1,C1,DEAUVILLE,1600,CORDE_DROITE,,,,PLAT,4,OLYMPIC MESSAGE,6,HONGRES,2,SANS_OEILLERES,R.RABA,N.PERRET (S),PC.BOUDOT,NON,6p9p3p6p3p(25)4p2p4p1p,26,3,16,4,3,129006,63450,65556,17924,49052,0,59.0,GALOP,"3,7",1970-01-01 00:00:00.001092026,1600,OLYMPIC MESSAGE,8,0,3,0.0,0.375,PSF,HAUTE,DEAUVILLE_PSF_HIVER,PSF,2,1.6,0,1,0,1,0,0,1,1,HIVER,COURTE,2,0,0,2,1,0,0,1,2,0,0,0,0.0,0.0,0.375,0.0,0,0,6721.5,48,94.4,4,0.60072786,0.683872,0.6298283
1092026,R1,C1,DEAUVILLE,1600,CORDE_DROITE,,,,PLAT,2,PURPLE LION,4,HONGRES,5,SANS_OEILLERES,ECURIE MATHIEU OFFENSTADT,FH.GRAFFARD (S),H.BOUTIN,NON,Dp1p(25)1p3p1p1p2p8p9p,15,5,6,1,2,91754,76350,15404,25450,46904,0,60.0,GALOP,"5,6",1970-01-01 00:00:00.001092026,1600,PURPLE LION,4,2,3,0.5,0.75,PSF,HAUTE,DEAUVILLE_PSF_HIVER,PSF,2,1.6,0,1,0,1,0,0,1,1,HIVER,COURTE,2,0,0,2,1,0,0,1,2,0,0,0,0.5,0.0,0.75,0.0,0,0,19087.5,16,96.0,10,0.49686244,0.71177435,0.5720816
1092026,R1,C1,DEAUVILLE,1600,CORDE_DROITE,,,,PLAT,5,KRASKHOV,4,HONGRES,1,SANS_OEILLERES,A.JATHIERE/A.MOUKNASS,M.DELCHER SANCHEZ,A.MADAMET,NON,0p6p6p3p3p4p(25)1p0p2p,14,2,8,1,2,59571,23950,35621,21377,38194,0,56.0,GALOP,,1970-01-01 00:00:00.001092026,1600,KRASKHOV,8,1,3,0.125,0.375,PSF,HAUTE,DEAUVILLE_PSF_HIVER,PSF,2,1.6,0,1,0,1,0,0,1,1,HIVER,COURTE,2,0,0,2,1,0,0,1,2,0,0,0,0.125,0.0,0.375,0.0,0,0,8016.375,32,89.60000000000001,2,0.47842962,0.5781163,0.51331997
1092026,R1,C1,DEAUVILLE,1600,CORDE_DROITE,,,,PLAT,14,MARHARRY,5,HONGRES,7,SANS_OEILLERES,P.VAN BELLE,G.HERNON (S),J.MOISAN,NON,6p4p1p7p(25)2p6p4p8p7p,20,2,12,3,2,71071,40450,30621,16985,6436,0,52.5,GALOP,56,1970-01-01 00:00:00.001092026,1600,MARHARRY,8,1,2,0.125,0.25,PSF,HAUTE,DEAUVILLE_PSF_HIVER,PSF,2,1.6,0,1,0,1,0,0,1,1,HIVER,COURTE,2,0,0,2,1,0,0,1,2,0,0,0,0.125,0.0,0.25,0.0,0,0,4246.25,40,84.0,14,0.48192775,0.5397619,0.50216967
1092026,R1,C1,DEAUVILLE,1600,CORDE_DROITE,,,,PLAT,3,FELIX AUX ORMES,4,MALES,11,SANS_OEILLERES,Y.LENOIR/JN.BOCAHUT,Y.BARBEROT (S),C.DEMURO,NON,2p7p5p1p2p8p3p2p(25)5p,25,4,14,4,4,124847,64450,60397,63159,52588,0,59.0,GALOP,15,1970-01-01 00:00:00.001092026,1600,FELIX AUX ORMES,13,1,6,0.07692307692307693,0.46153846153846156,PSF,HAUTE,DEAUVILLE_PSF_HIVER,PSF,2,1.6,0,1,0,1,0,0,1,1,HIVER,COURTE,2,0,0,2,2,0,0,1,2,0,0,0,0.07692307692307693,0.0,0.46153846153846156,0.0,0,0,29150.307692307695,52,94.4,22,0.3984081,0.6361075,0.48160288
1092026,R1,C1,DEAUVILLE,1600,CORDE_DROITE,,,,PLAT,15,GITANO,4,HONGRES,3,SANS_OEILLERES,M.GUERRICHE,S.CERULIS,T.TRULLIER,NON,2p0p0p9p7p4p(25)2p5p9p,13,1,8,3,0,33734,10500,23234,8650,25084,0,52.0,GALOP,16,1970-01-01 00:00:00.001092026,1600,GITANO,8,0,2,0.0,0.25,PSF,HAUTE,DEAUVILLE_PSF_HIVER,PSF,2,1.6,0,1,0,1,0,0,1,1,HIVER,COURTE,2,0,0,2,1,0,0,1,2,0,0,0,0.0,0.0,0.25,0.0,0,0,2162.5,32,83.2,6,0.41725242,0.5381537,0.45956784
1092026,R1,C1,DEAUVILLE,1600,CORDE_DROITE,,,,PLAT,7,NO LIMIT DREAM,6,HONGRES,4,SANS_OEILLERES,A.COUANE,CH.PLISSON (S),T.PICCONE,NON,3p0p8p7p4p8p2p7p5p,47,6,28,7,6,173123,80000,93123,19315,68468,0,55.0,GALOP,12,1970-01-01 00:00:00.001092026,1600,NO LIMIT DREAM,17,0,4,0.0,0.23529411764705882,PSF,HAUTE,DEAUVILLE_PSF_HIVER,PSF,2,1.6,0,1,0,1,0,0,1,1,HIVER,COURTE,2,0,0,2,1,0,0,1,2,0,0,0,0.0,0.0,0.23529411764705882,0.0,0,0,4544.705882352941,102,88.0,8,0.21814552,0.5441577,0.33224976
1092026,R1,C1,DEAUVILLE,1600,CORDE_DROITE,,,,PLAT,6,MONTGAUDRY,6,HONGRES,12,SANS_OEILLERES,G.AUGUSTIN-NORMAND,D.SMAGA,S.PASQUIER,NON,1p0p8p3p1p2p5p(25)1p2p,35,5,18,6,4,115119,68150,46969,48650,45209,0,55.5,GALOP,19,1970-01-01 00:00:00.001092026,1600,MONTGAUDRY,13,3,8,0.23076923076923078,0.6153846153846154,PSF,HAUTE,DEAUVILLE_PSF_HIVER,PSF,2,1.6,0,1,0,1,0,0,1,1,HIVER,COURTE,2,0,0,2,1,0,0,1,2,0,0,0,0.23076923076923078,0.0,0.6153846153846154,0.0,0,0,29938.46153846154,78,88.80000000000001,24,0.2329938,0.49891445,0.32606602
1092026,R1,C1,DEAUVILLE,1600,CORDE_DROITE,,,,PLAT,16,HIGHBARI,9,HONGRES,8,SANS_OEILLERES,G.D' AREXY,M.BRASME (S),P.REMOUE,NON,4p4p5p3p5p(25)6p3p2p1p,57,8,37,9,13,213284,77450,135834,8886,36253,0,51.5,GALOP,17,1970-01-01 00:00:00.001092026,1600,HIGHBARI,10,1,4,0.1,0.4,PSF,HAUTE,DEAUVILLE_PSF_HIVER,PSF,2,1.6,0,1,0,1,0,0,1,1,HIVER,COURTE,2,0,0,2,1,0,0,1,2,0,0,0,0.1,0.0,0.4,0.0,0,0,3554.4,90,82.4,16,0.21961723,0.46642533,0.30600005
1092026,R1,C1,DEAUVILLE,1600,CORDE_DROITE,,,,PLAT,1,CALAS,6,HONGRES,10,SANS_OEILLERES,BUCK RACING,P&J.BRANDT (S),M.GUYON,NON,4p2p1p1p5p(25)1p5p0p,25,5,15,2,5,158520,76900,81620,61560,12650,0,61.5,GALOP,"8,5",1970-01-01 00:00:00.001092026,1600,CALAS,5,2,3,0.4,0.6,PSF,HAUTE,DEAUVILLE_PSF_HIVER,PSF,2,1.6,0,1,0,1,0,0,1,1,HIVER,COURTE,2,0,0,2,1,0,0,1,2,0,0,0,0.4,0.0,0.6,0.0,0,0,36936.0,30,98.4,20,0.19908535,0.47209406,0.2946384
1092026,R1,C1,DEAUVILLE,1600,CORDE_DROITE,,,,PLAT,10,GALORD,7,HONGRES,15,SANS_OEILLERES,E.DECOSTER,C.FEY (S),E.HARDOUIN,NON,0p0p0p4p(25)0p0p3p0p0p,31,4,15,3,4,139391,78000,61391,2331,7430,0,53.5,GALOP,14,1970-01-01 00:00:00.001092026,1600,GALORD,7,0,1,0.0,0.14285714285714285,PSF,HAUTE,DEAUVILLE_PSF_HIVER,PSF,2,1.6,0,1,0,1,0,0,1,1,HIVER,COURTE,2,0,0,2,1,0,0,1,2,0,0,0,0.0,0.0,0.14285714285714285,0.0,0,0,333.0,49,85.60000000000001,30,0.20628294,0.34096017,0.25341997
1092026,R1,C1,DEAUVILLE,1600,CORDE_DROITE,,,,PLAT,9,HARPER,8,MALES,13,SANS_OEILLERES,A.B RACING/EC ADES HAZAN,G.MOSSE (S),A.POUCHIN,NON,1p0p2p9p2p(25)0p0p5p9p,42,7,25,14,4,246566,140350,106216,15162,8054,0,54.5,GALOP,15,1970-01-01 00:00:00.001092026,1600,HARPER,10,2,4,0.2,0.4,PSF,HAUTE,DEAUVILLE_PSF_HIVER,PSF,2,1.6,0,1,0,1,0,0,1,1,HIVER,COURTE,2,0,0,2,2,0,0,1,2,0,0,0,0.2,0.0,0.4,0.0,0,0,6064.8,80,87.2,26,0.16982344,0.33721817,0.22841159
1092026,R1,C1,DEAUVILLE,1600,CORDE_DROITE,,,,PLAT,8,FREJA,7,FEMELLES,6,SANS_OEILLERES,A.GILIBERT,F.CHAPPET (S),A.LEMAITRE,NON,8p1p9p5p3p1p4p(25)0p8p,38,5,18,5,4,168630,96650,71980,40110,0,0,55.0,GALOP,22,1970-01-01 00:00:00.001092026,1600,FREJA,8,2,3,0.25,0.375,PSF,HAUTE,DEAUVILLE_PSF_HIVER,PSF,2,1.6,0,1,0,1,0,0,1,1,HIVER,COURTE,2,0,0,2,0,0,0,1,2,0,0,0,0.25,0.0,0.375,0.0,0,0,15041.25,56,88.0,12,0.11771759,0.36987248,0.2059718
1092026,R1,C1,DEAUVILLE,1600,CORDE_DROITE,,,,PLAT,13,CELESTIN,9,HONGRES,9,SANS_OEILLERES,Y.MARIE-NELLY,B.DE KONINCK,M.MARQUETTE,NON,0p9p(24)1p3p2p7p4p0p0p,44,8,21,6,4,299853,185750,114103,0,0,0,53.0,GALOP,20,1970-01-01 00:00:00.001092026,1600,CELESTIN,2,0,0,0.0,0.0,PSF,HAUTE,DEAUVILLE_PSF_HIVER,PSF,2,1.6,0,1,0,1,0,0,1,1,HIVER,COURTE,2,0,0,2,1,0,0,1,2,0,0,0,0.0,0.0,0.0,0.0,0,0,0.0,18,84.80000000000001,18,0.112175405,0.17441085,0.1339578
1092026,R1,C1,DEAUVILLE,1600,CORDE_DROITE,,,,PLAT,12,SHINNING OCEAN,9,MALES,14,SANS_OEILLERES,Y.MARIE-NELLY,B.DE KONINCK,M.FAVRIAUX,NON,0p9p8p8p(25)0p1p7p0p,51,8,20,10,2,195795,113400,82395,0,26500,0,53.0,GALOP,26,1970-01-01 00:00:00.001092026,1600,SHINNING OCEAN,4,0,0,0.0,0.0,PSF,HAUTE,DEAUVILLE_PSF_HIVER,PSF,2,1.6,0,1,0,1,0,0,1,1,HIVER,COURTE,2,0,0,2,2,0,0,1,2,0,0,0,0.0,0.0,0.0,0.0,0,0,0.0,36,84.80000000000001,28,0.105924554,0.16955465,0.12819508
1092026,R1,C1,DEAUVILLE,1600,CORDE_DROITE,,,,PLAT,11,WESTMINSTER NIGHT,7,HONGRES,16,OEILLERES_AUSTRALIENNES,STALL MOUNTAIN RIVER,FX.WEISSMEIER,F.VALLE SKAR,NON,7p3p2p8p5p6p0p0p6p,36,5,18,6,4,167452,89850,77602,6164,44169,0,53.0,GALOP,210,1970-01-01 00:00:00.001092026,1600,WESTMINSTER NIGHT,13,1,3,0.07692307692307693,0.23076923076923078,PSF,HAUTE,DEAUVILLE_PSF_HIVER,PSF,2,1.6,0,1,0,1,0,0,1,1,HIVER,COURTE,2,0,0,0,1,0,0,1,2,0,0,0,0.07692307692307693,0.0,0.23076923076923078,0.0,0,0,1422.4615384615386,91,84.80000000000001,32,0.07769665,0.2168449,0.12639853
1092026,R1,C2,DEAUVILLE,1200,LIGNE_DROITE,,,,PLAT,2,DREAM OF GLORY,2,FEMELLES,3,SANS_OEILLERES,D.MACAULIFFE/A.DON/D.HAYES,A.MURPHY (S),M.BARZALONA,NON,2p5p3p,3,0,3,1,1,13133,0,13133,13133,0,0,58.0,GALOP,"1,1",1970-01-01 00:00:00.001092026,1200,DREAM OF GLORY,3,0,2,0.0,0.6666666666666666,GAZON,HAUTE,DEAUVILLE_LIGNE_DROITE,GAZON,2,1.2,1,0,0,0,1,0,1,1,HIVER,SPRINT,2,0,2,2,0,0,0,0,1,4,0,3,0.0,0.0,0.0,0.6666666666666666,0,0,8755.333333333332,6,69.6,6,0.5076715,0.83079314,0.620764
1092026,R1,C2,DEAUVILLE,1200,LIGNE_DROITE,,,,PLAT,1,KATA TJUTA,2,FEMELLES,7,SANS_OEILLERES,RA.NICOLSON,A.BARON,A.BARON,NON,7p5p4p2p5p,5,0,5,1,0,10881,0,10881,10881,0,0,59.0,GALOP,,1970-01-01 00:00:00.001092026,1200,KATA TJUTA,5,0,1,0.0,0.2,GAZON,HAUTE,DEAUVILLE_LIGNE_DROITE,GAZON,2,1.2,1,0,0,0,1,0,1,1,HIVER,SPRINT,2,0,2,2,0,0,0,0,1,4,0,7,0.0,0.0,0.0,0.2,0,0,2176.2000000000003,10,70.8,14,0.5838794,0.60906035,0.59269273
1092026,R1,C2,DEAUVILLE,1200,LIGNE_DROITE,,,,PLAT,4,OLYMPIQUE,2,FEMELLES,4,SANS_OEILLERES,ECURIE TLV,FR.MONFORT (S),M.GUYON,NON,5p3p2p2p2p9p,6,0,5,3,1,16590,0,16590,16590,0,0,57.0,GALOP,,1970-01-01 00:00:00.001092026,1200,OLYMPIQUE,6,0,4,0.0,0.6666666666666666,GAZON,HAUTE,DEAUVILLE_LIGNE_DROITE,GAZON,2,1.2,1,0,0,0,1,0,1,1,HIVER,SPRINT,2,0,2,2,0,0,0,0,1,4,0,4,0.0,0.0,0.0,0.6666666666666666,0,0,11060.0,12,68.39999999999999,8,0.41182685,0.6989581,0.5123228
1092026,R1,C2,DEAUVILLE,1200,LIGNE_DROITE,,,,PLAT,5,QUIET STRENGTH,2,FEMELLES,1,SANS_OEILLERES,JM.LEBRUN,M.BLANCPAIN (S),L.ARMANCE,NON,1p3p2p9p7p,5,1,3,1,1,20719,12950,7769,20719,0,0,55.5,GALOP,,1970-01-01 00:00:00.001092026,1200,QUIET STRENGTH,5,1,3,0.2,0.6,GAZON,HAUTE,DEAUVILLE_LIGNE_DROITE,GAZON,2,1.2,1,0,0,0,1,0,1,1,HIVER,SPRINT,2,0,2,2,0,0,0,0,1,4,0,1,0.0,0.2,0.0,0.6,0,0,12431.4,10,66.6,2,0.29307207,0.5670574,0.38896692
1092026,R1,C2,DEAUVILLE,1200,LIGNE_DROITE,,,,PLAT,6,GOKITA,2,FEMELLES,5,SANS_OEILLERES,ECURIE TYGALY,M.BRASME (S),T.TRULLIER,NON,4p5p0p5p4p,5,0,4,0,0,7863,0,7863,7863,0,0,55.5,GALOP,"4,6",1970-01-01 00:00:00.001092026,1200,GOKITA,5,0,0,0.0,0.0,GAZON,HAUTE,DEAUVILLE_LIGNE_DROITE,GAZON,2,1.2,1,0,0,0,1,0,1,1,HIVER,SPRINT,2,0,2,2,0,0,0,0,1,4,0,5,0.0,0.0,0.0,0.0,0,0,0.0,10,66.6,10,0.34999356,0.4492721,0.38474104
1092026,R1,C2,DEAUVILLE,1200,LIGNE_DROITE,,,,PLAT,7,ENFANT PARADIS,2,FEMELLES,6,SANS_OEILLERES,M.M.BOUTIN (S),M.BOUTIN (S),F.VALLE SKAR,NON,6p3p5p3p0p8p7p9p9p,9,0,5,0,2,5597,0,5597,5597,0,0,53.0,GALOP,,1970-01-01 00:00:00.001092026,1200,ENFANT PARADIS,9,0,2,0.0,0.2222222222222222,GAZON,HAUTE,DEAUVILLE_LIGNE_DROITE,GAZON,2,1.2,1,0,0,0,1,0,1,1,HIVER,SPRINT,2,0,2,2,0,0,0,0,1,4,0,6,0.0,0.0,0.0,0.2222222222222222,0,0,1243.7777777777776,18,63.599999999999994,12,0.28253478,0.4225935,0.3315553
1092026,R1,C2,DEAUVILLE,1200,LIGNE_DROITE,,,,PLAT,3,CLOUDBUSTING,2,MALES,2,SANS_OEILLERES,C.BIEDERMANN,HF.DEVIN (S),PC.BOUDOT,NON,8p7p8p,3,0,1,0,0,315,0,315,315,0,0,57.5,GALOP,,1970-01-01 00:00:00.001092026,1200,CLOUDBUSTING,3,0,0,0.0,0.0,GAZON,HAUTE,DEAUVILLE_LIGNE_DROITE,GAZON,2,1.2,1,0,0,0,1,0,1,1,HIVER,SPRINT,2,0,2,2,2,0,0,0,1,4,0,2,0.0,0.0,0.0,0.0,0,0,0.0,6,69.0,4,0.17832674,0.36974403,0.2453228
1092026,R1,C3,DEAUVILLE,900,LIGNE_DROITE,,,,PLAT,3,BAILEYS BACHELOR,5,HONGRES,4,SANS_OEILLERES,C.MOULY,JV.TOUX,P.BAZIRE,NON,0p9p0p2p4p0p0p7p(25)5p,30,4,13,3,4,108686,61850,46836,12634,89602,0,61.0,GALOP,,1970-01-01 00:00:00.001092026,900,BAILEYS BACHELOR,11,1,2,0.09090909090909091,0.18181818181818182,GAZON,MOYENNE,DEAUVILLE_DEFAUT,GAZON,1,0.9,1,0,0,0,1,0,1,1,HIVER,SPRINT,2,0,2,2,1,0,0,0,0,4,0,4,0.0,0.09090909090909091,0.0,0.18181818181818182,0,0,2297.090909090909,55,54.9,8,0.4224442,0.73225707,0.53087866
1092026,R1,C3,DEAUVILLE,900,LIGNE_DROITE,,,,PLAT,5,KAMAND,4,FEMELLES,3,SANS_OEILLERES,CABRIOLET BVBA,MME C.LENAERS,M.GRANDIN,NON,2p1p(24)7p,3,1,1,1,0,5950,5000,950,5950,0,0,56.5,GALOP,,1970-01-01 00:00:00.001092026,900,KAMAND,2,1,2,0.5,1.0,GAZON,MOYENNE,DEAUVILLE_DEFAUT,GAZON,1,0.9,1,0,0,0,1,0,1,1,HIVER,SPRINT,2,0,2,2,0,0,0,0,0,4,0,3,0.0,0.5,0.0,1.0,0,0,5950.0,8,50.85,6,0.44812343,0.6214108,0.508774
1092026,R1,C3,DEAUVILLE,900,LIGNE_DROITE,,,,PLAT,4,IMPITOYABLE,7,HONGRES,6,OEILLERES_AUSTRALIENNES,STAL VIE EN ROSE,MME S.LANSLOTS,C.DEMURO,NON,7p7p5p9p8p9p6p1p8p2p,67,7,37,12,4,191288,87700,103588,15210,34718,0,59.5,GALOP,"1,1",1970-01-01 00:00:00.001092026,900,IMPITOYABLE,15,1,2,0.06666666666666667,0.13333333333333333,GAZON,MOYENNE,DEAUVILLE_DEFAUT,GAZON,1,0.9,1,0,0,0,1,0,1,1,HIVER,SPRINT,2,0,2,0,1,0,0,0,0,4,0,6,0.0,0.06666666666666667,0.0,0.13333333333333333,0,0,2028.0,105,53.550000000000004,12,0.27842897,0.57630134,0.3826843
1092026,R1,C3,DEAUVILLE,900,LIGNE_DROITE,,,,PLAT,8,FREE MOVEMENT,3,FEMELLES,1,OEILLERES_CLASSIQUE,G.HEALD,HA.PANTALL (S),T.PICCONE,NON,9p0p6p5p0p4p(25)6p0p2p,12,1,6,2,0,20396,8000,12396,2715,17681,0,54.5,GALOP,,1970-01-01 00:00:00.001092026,900,FREE MOVEMENT,9,0,1,0.0,0.1111111111111111,GAZON,MOYENNE,DEAUVILLE_DEFAUT,GAZON,1,0.9,1,0,0,0,1,0,1,1,HIVER,SPRINT,2,0,2,1,0,0,0,0,0,4,0,1,0.0,0.0,0.0,0.1111111111111111,0,0,301.66666666666663,27,49.050000000000004,2,0.3048977,0.41491455,0.34340358
1092026,R1,C3,DEAUVILLE,900,LIGNE_DROITE,,,,PLAT,9,QUIET WIFE,4,FEMELLES,11,SANS_OEILLERES,MME C.JANSSEN,M.BOUTIN (S),E.HARDOUIN,NON,2p6p1p7p0p4p5p9p4p5p,21,2,16,4,2,51566,18200,33366,16156,28510,0,54.5,GALOP,,1970-01-01 00:00:00.001092026,900,QUIET WIFE,13,1,3,0.07692307692307693,0.23076923076923078,GAZON,MOYENNE,DEAUVILLE_DEFAUT,GAZON,1,0.9,1,0,0,0,1,0,1,1,HIVER,SPRINT,2,0,2,2,0,0,0,0,0,4,0,11,0.0,0.07692307692307693,0.0,0.23076923076923078,0,0,3728.3076923076924,52,49.050000000000004,22,0.28978446,0.42328462,0.3365095
1092026,R1,C3,DEAUVILLE,900,LIGNE_DROITE,,,,PLAT,7,GIORGIANA,6,FEMELLES,8,OEILLERES_CLASSIQUE,ECURIE INITIAL,G.PANNIER,L.BOISSEAU,NON,8p1p0p3p1p(25)3p1p1p0p,38,8,16,1,6,94530,64300,30230,18582,30558,0,54.5,GALOP,,1970-01-01 00:00:00.001092026,900,GIORGIANA,9,4,6,0.4444444444444444,0.6666666666666666,GAZON,MOYENNE,DEAUVILLE_DEFAUT,GAZON,1,0.9,1,0,0,0,1,0,1,1,HIVER,SPRINT,2,0,2,1,0,0,0,0,0,4,0,8,0.0,0.4444444444444444,0.0,0.6666666666666666,0,0,12388.0,54,49.050000000000004,16,0.2998695,0.39125338,0.33185387
1092026,R1,C3,DEAUVILLE,900,LIGNE_DROITE,,,,PLAT,1,SWEET AS,6,HONGRES,2,SANS_OEILLERES,BOUTIN (S)/S. CHOPINE,M.BOUTIN (S),H.BOUTIN,NON,1p1p2p1p9p5p0p5p3p6p,51,9,17,3,4,111326,78250,33076,36374,53652,0,61.5,GALOP,,1970-01-01 00:00:00.001092026,900,SWEET AS,18,3,5,0.16666666666666666,0.2777777777777778,GAZON,MOYENNE,DEAUVILLE_DEFAUT,GAZON,1,0.9,1,0,0,0,1,0,1,1,HIVER,SPRINT,2,0,2,2,1,0,0,0,0,4,0,2,0.0,0.16666666666666666,0.0,0.2777777777777778,0,0,10103.888888888889,108,55.35,4,0.13834661,0.5794212,0.29272273
1092026,R1,C3,DEAUVILLE,900,LIGNE_DROITE,,,,PLAT,6,PRADARO,11,HONGRES,7,SANS_OEILLERES,STAL VIE EN ROSE,MME S.LANSLOTS,A.LEMAITRE,NON,7p0p2p0p2p2p9p1p0p,81,15,42,15,7,421630,274000,147630,21876,33154,0,56.0,GALOP,,1970-01-01 00:00:00.001092026,900,PRADARO,15,3,9,0.2,0.6,GAZON,MOYENNE,DEAUVILLE_DEFAUT,GAZON,1,0.9,1,0,0,0,1,0,1,1,HIVER,SPRINT,2,0,2,2,1,0,0,0,0,4,0,7,0.0,0.2,0.0,0.6,0,0,13125.6,165,50.4,14,0.13976161,0.57667804,0.29268235
1092026,R1,C3,DEAUVILLE,900,LIGNE_DROITE,,,,PLAT,2,LE CENTRAL,6,HONGRES,5,SANS_OEILLERES,EC.NICOLATO/S.DOUSSOT/M.BOUTIN,M.BOUTIN (S),L.GALLO,NON,0p1p5p4p3p4p2p3p5p1p,65,8,39,7,7,158589,74800,83789,44814,47395,0,61.5,GALOP,,1970-01-01 00:00:00.001092026,900,LE CENTRAL,23,3,9,0.13043478260869565,0.391304347826087,GAZON,MOYENNE,DEAUVILLE_DEFAUT,GAZON,1,0.9,1,0,0,0,1,0,1,1,HIVER,SPRINT,2,0,2,2,1,0,0,0,0,4,0,5,0.0,0.13043478260869565,0.0,0.391304347826087,0,0,17535.91304347826,138,55.35,10,0.1222277,0.5380336,0.26775974
1092026,R1,C3,DEAUVILLE,900,LIGNE_DROITE,,,,PLAT,10,KOUTSOUNAKOS,11,HONGRES,9,SANS_OEILLERES,STAL VIE EN ROSE,MME S.LANSLOTS,F.VALLE SKAR,NON,4p0p4p7p0p(25)1p1p5p1p,123,21,50,11,16,307521,197159,110362,3336,31884,0,54.5,GALOP,,1970-01-01 00:00:00.001092026,900,KOUTSOUNAKOS,8,2,2,0.25,0.25,GAZON,MOYENNE,DEAUVILLE_DEFAUT,GAZON,1,0.9,1,0,0,0,1,0,1,1,HIVER,SPRINT,2,0,2,2,1,0,0,0,0,4,0,9,0.0,0.25,0.0,0.25,0,0,834.0,88,49.050000000000004,18,0.20609441,0.26061854,0.22517785
1092026,R1,C3,DEAUVILLE,900,LIGNE_DROITE,,,,PLAT,11,CLAIM THE STARS,7,HONGRES,10,SANS_OEILLERES,R.VAN DEN TROOST,BV VAN DEN TROOST,C.PACAUT,NON,0p3p6p9p5p3p1p1p1p3p,76,8,34,5,14,80030,40382,39648,13009,24124,0,54.5,GALOP,,1970-01-01 00:00:00.001092026,900,CLAIM THE STARS,17,4,8,0.23529411764705882,0.47058823529411764,GAZON,MOYENNE,DEAUVILLE_DEFAUT,GAZON,1,0.9,1,0,0,0,1,0,1,1,HIVER,SPRINT,2,0,2,2,1,0,0,0,0,4,0,10,0.0,0.23529411764705882,0.0,0.47058823529411764,0,0,6121.882352941177,119,49.050000000000004,20,0.15622807,0.22753076,0.18118401
1092026,R1,C4,DEAUVILLE,1600,CORDE_DROITE,,,,PLAT,5,D'ARTAGNAN,3,HONGRES,9,SANS_OEILLERES,M.LUEPSCHEN,A.SCHUTZ (S),M.BARZALONA,NON,6p2p,2,0,2,1,0,4322,0,4322,4322,0,0,58.0,GALOP,,1970-01-01 00:00:00.001092026,1600,D'ARTAGNAN,2,0,1,0.0,0.5,PSF,HAUTE,DEAUVILLE_PSF_HIVER,PSF,2,1.6,0,1,0,1,0,0,1,1,HIVER,COURTE,2,0,0,2,1,0,0,1,2,0,0,0,0.0,0.0,0.5,0.0,0,0,2161.0,6,92.80000000000001,18,0.61280096,0.6603344,0.6294377
1092026,R1,C4,DEAUVILLE,1600,CORDE_DROITE,,,,PLAT,8,CADEAU DE NOEL,3,HONGRES,4,SANS_OEILLERES,M.ZANETTI,A.BOTTI (S),C.DEMURO,NON,6p3p6p,3,0,3,0,1,4555,0,4555,4555,0,0,58.0,GALOP,2,1970-01-01 00:00:00.001092026,1600,CADEAU DE NOEL,3,0,1,0.0,0.3333333333333333,PSF,HAUTE,DEAUVILLE_PSF_HIVER,PSF,2,1.6,0,1,0,1,0,0,1,1,HIVER,COURTE,2,0,0,2,1,0,0,1,2,0,0,0,0.0,0.0,0.3333333333333333,0.0,0,0,1518.3333333333333,9,92.80000000000001,8,0.54731756,0.68038976,0.5938928
1092026,R1,C4,DEAUVILLE,1600,CORDE_DROITE,,,,PLAT,4,IRRESITIBLEMENT,3,HONGRES,8,SANS_OEILLERES,HARAS DE LA HAIE NEUVE,F.BELLEMERE,A.MADAMET,NON,3p4p5p4p2p3p7p,7,0,7,1,2,13624,0,13624,13624,0,0,58.0,GALOP,,1970-01-01 00:00:00.001092026,1600,IRRESITIBLEMENT,7,0,3,0.0,0.42857142857142855,PSF,HAUTE,DEAUVILLE_PSF_HIVER,PSF,2,1.6,0,1,0,1,0,0,1,1,HIVER,COURTE,2,0,0,2,1,0,0,1,2,0,0,0,0.0,0.0,0.42857142857142855,0.0,0,0,5838.857142857142,21,92.80000000000001,16,0.5658392,0.6004776,0.5779626
1092026,R1,C4,DEAUVILLE,1600,CORDE_DROITE,,,,PLAT,7,DREAM MACHINE,3,HONGRES,2,SANS_OEILLERES,T.WAHLSTEDT/P.CHEDEVILLE/J.KING,CLEMENT & HERMANS (S),T.TRULLIER,NON,5p3p0p3p,4,0,3,0,2,7720,0,7720,7720,0,0,58.0,GALOP,,1970-01-01 00:00:00.001092026,1600,DREAM MACHINE,5,0,2,0.0,0.4,PSF,HAUTE,DEAUVILLE_PSF_HIVER,PSF,2,1.6,0,1,0,1,0,0,1,1,HIVER,COURTE,2,0,0,2,1,0,0,1,2,0,0,0,0.0,0.0,0.4,0.0,0,0,3088.0,15,92.80000000000001,4,0.5500605,0.60171175,0.5681384
1092026,R1,C4,DEAUVILLE,1600,CORDE_DROITE,,,,PLAT,3,DORADO,3,MALES,6,OEILLERES_AUSTRALIENNES,K.GOZDZIALSKI,MME A.KARKOSA,M.GRANDIN,NON,6p6p4p0p(25)3p4p4p,7,0,4,0,1,19691,0,19691,663,19028,0,58.0,GALOP,,1970-01-01 00:00:00.001092026,1600,DORADO,1,0,1,0.0,1.0,PSF,HAUTE,DEAUVILLE_PSF_HIVER,PSF,2,1.6,0,1,0,1,0,0,1,1,HIVER,COURTE,2,0,0,0,2,0,0,1,2,0,0,0,0.0,0.0,1.0,0.0,0,0,663.0,3,92.80000000000001,12,0.48010913,0.6119824,0.5262647
1092026,R1,C4,DEAUVILLE,1600,CORDE_DROITE,,,,PLAT,2,GLORY KING,3,MALES,11,SANS_OEILLERES,ECURIE GEORGINIO,X.BLANCHET (S),A.POUCHIN,NON,4p,1,0,1,0,0,2223,0,2223,2223,0,0,58.0,GALOP,,1970-01-01 00:00:00.001092026,1600,GLORY KING,1,0,0,0.0,0.0,PSF,HAUTE,DEAUVILLE_PSF_HIVER,PSF,2,1.6,0,1,0,1,0,0,1,1,HIVER,COURTE,2,0,0,2,2,0,0,1,2,0,0,0,0.0,0.0,0.0,0.0,0,0,0.0,3,92.80000000000001,22,0.50024253,0.50253356,0.5010444
1092026,R1,C4,DEAUVILLE,1600,CORDE_DROITE,,,,PLAT,11,ESPARTINAS,3,FEMELLES,7,SANS_OEILLERES,RACING STARS,F.BRESSON (S),L.BOISSEAU,NON,4p4p,2,0,2,0,0,2976,0,2976,2976,0,0,56.5,GALOP,,1970-01-01 00:00:00.001092026,1600,ESPARTINAS,2,0,0,0.0,0.0,PSF,HAUTE,DEAUVILLE_PSF_HIVER,PSF,2,1.6,0,1,0,1,0,0,1,1,HIVER,COURTE,2,0,0,2,0,0,0,1,2,0,0,0,0.0,0.0,0.0,0.0,0,0,0.0,6,90.4,14,0.4195472,0.5544823,0.46677446
1092026,R1,C4,DEAUVILLE,1600,CORDE_DROITE,,,,PLAT,1,SILENCIO,3,MALES,1,SANS_OEILLERES,E.BABINGTON,PE.DUBOIS (S),P.LE DIGABEL,NON,6p,1,0,1,0,0,502,0,502,502,0,0,58.0,GALOP,,1970-01-01 00:00:00.001092026,1600,SILENCIO,1,0,0,0.0,0.0,PSF,HAUTE,DEAUVILLE_PSF_HIVER,PSF,2,1.6,0,1,0,1,0,0,1,1,HIVER,COURTE,2,0,0,2,2,0,0,1,2,0,0,0,0.0,0.0,0.0,0.0,0,0,0.0,3,92.80000000000001,2,0.37586623,0.5904824,0.4509819
1092026,R1,C4,DEAUVILLE,1600,CORDE_DROITE,,,,PLAT,12,DUSKWIND,3,FEMELLES,10,SANS_OEILLERES,SALTER PASTORAL PTY LTD,CHR.HEAD (S),M.GUYON,OUI,,0,0,0,0,0,0,0,0,0,0,0,54.5,GALOP,"1,5",1970-01-01 00:00:00.001092026,1600,DUSKWIND,0,0,0,0.0,0.0,PSF,HAUTE,DEAUVILLE_PSF_HIVER,PSF,2,1.6,0,1,0,1,0,0,1,1,HIVER,COURTE,2,0,0,2,0,1,0,1,2,0,0,0,0.0,0.0,0.0,0.0,0,0,0.0,0,87.2,20,0.33208442,0.3738159,0.34669042
1092026,R1,C4,DEAUVILLE,1600,CORDE_DROITE,,,,PLAT,9,EMERALD ANGEL,3,FEMELLES,12,SANS_OEILLERES,MME VE.BYRNE,N. GEORGE & A. ZETTERHOLM,P.BAZIRE,NON,8p,1,0,0,0,0,0,0,0,0,0,0,56.5,GALOP,,1970-01-01 00:00:00.001092026,1600,EMERALD ANGEL,1,0,0,0.0,0.0,PSF,HAUTE,DEAUVILLE_PSF_HIVER,PSF,2,1.6,0,1,0,1,0,0,1,1,HIVER,COURTE,2,0,0,2,0,0,0,1,2,0,0,0,0.0,0.0,0.0,0.0,0,0,0.0,3,90.4,24,0.21542796,0.27494395,0.23625857
1092026,R1,C4,DEAUVILLE,1600,CORDE_DROITE,,,,PLAT,6,VIENNA'S PRIDE,3,HONGRES,3,SANS_OEILLERES,STALL ALLEGRA RACING CLUB,C.FEY (S),E.HARDOUIN,NON,6p8p,2,0,1,0,0,390,0,390,390,0,0,58.0,GALOP,,1970-01-01 00:00:00.001092026,1600,VIENNA'S PRIDE,2,0,0,0.0,0.0,PSF,HAUTE,DEAUVILLE_PSF_HIVER,PSF,2,1.6,0,1,0,1,0,0,1,1,HIVER,COURTE,2,0,0,2,1,0,0,1,2,0,0,0,0.0,0.0,0.0,0.0,0,0,0.0,6,92.80000000000001,6,0.16034926,0.2901137,0.20576681
1092026,R1,C4,DEAUVILLE,1600,CORDE_DROITE,,,,PLAT,10,WOODBRIDGE,3,FEMELLES,5,SANS_OEILLERES,H.H.MERIENNE (S),H.MERIENNE (S),G.SEIGNEUL,NON,0p7p0p,3,0,1,0,0,273,0,273,273,0,0,56.5,GALOP,,1970-01-01 00:00:00.001092026,1600,WOODBRIDGE,3,0,0,0.0,0.0,PSF,HAUTE,DEAUVILLE_PSF_HIVER,PSF,2,1.6,0,1,0,1,0,0,1,1,HIVER,COURTE,2,0,0,2,0,0,0,1,2,0,0,0,0.0,0.0,0.0,0.0,0,0,0.0,9,90.4,10,0.13772637,0.26306918,0.18159635
1092026,R1,C5,DEAUVILLE,1600,CORDE_DROITE,,,,PLAT,1,LORD ASRIEL D ALME,5,HONGRES,6,SANS_OEILLERES,R.BOISNARD/V.DEVILLARS,V.DEVILLARS,PC.BOUDOT,NON,8p9p1p1p4p2p0p5p(25)2p,25,2,6,2,0,28803,17300,11503,22833,3270,0,60.0,GALOP,,1970-01-01 00:00:00.001092026,1600,LORD ASRIEL D ALME,12,2,4,0.16666666666666666,0.3333333333333333,PSF,HAUTE,DEAUVILLE_PSF_HIVER,PSF,2,1.6,0,1,0,1,0,0,1,1,HIVER,COURTE,2,0,0,2,1,0,0,1,2,0,0,0,0.16666666666666666,0.0,0.3333333333333333,0.0,0,0,7611.0,60,96.0,12,0.56486934,0.6115902,0.58122164
1092026,R1,C5,DEAUVILLE,1600,CORDE_DROITE,,,,PLAT,8,JIJI MY LOVE,5,FEMELLES,4,SANS_OEILLERES,D.YESSAD,FX.BELVISI,A.HAMELIN,NON,0p1p2p3p1p2p5p6p(25)0p,22,2,8,4,2,33258,14400,18858,23068,3990,0,57.0,GALOP,"1,4",1970-01-01 00:00:00.001092026,1600,JIJI MY LOVE,11,2,5,0.18181818181818182,0.45454545454545453,PSF,HAUTE,DEAUVILLE_PSF_HIVER,PSF,2,1.6,0,1,0,1,0,0,1,1,HIVER,COURTE,2,0,0,2,0,0,0,1,2,0,0,0,0.18181818181818182,0.0,0.45454545454545453,0.0,0,0,10485.454545454546,55,91.2,8,0.45226863,0.55589485,0.4885378
1092026,R1,C5,DEAUVILLE,1600,CORDE_DROITE,,,,PLAT,6,ASTRA DREAM,5,FEMELLES,7,SANS_OEILLERES,S.GHYS,S.GHYS,M.VELON,NON,7p3p9p6p2p9p7p6p6p,46,2,32,5,6,77279,20500,56779,4973,11096,0,57.5,GALOP,,1970-01-01 00:00:00.001092026,1600,ASTRA DREAM,16,0,2,0.0,0.125,PSF,HAUTE,DEAUVILLE_PSF_HIVER,PSF,2,1.6,0,1,0,1,0,0,1,1,HIVER,COURTE,2,0,0,2,0,0,0,1,2,0,0,0,0.0,0.0,0.125,0.0,0,0,621.625,80,92.0,14,0.46816942,0.41881382,0.45089495
1092026,R1,C5,DEAUVILLE,1600,CORDE_DROITE,,,,PLAT,4,LADY LUCK,4,FEMELLES,11,SANS_OEILLERES,M.ANDRIANTSOA RATSIMIHAH,M.ANDRIANTSOA RATSIMIHAH,A.LEMAITRE,NON,0p0p2p1p3p2p0p(25)8p0p,32,2,11,3,1,27933,12200,15733,16152,9281,0,58.5,GALOP,,1970-01-01 00:00:00.001092026,1600,LADY LUCK,14,1,4,0.07142857142857142,0.2857142857142857,PSF,HAUTE,DEAUVILLE_PSF_HIVER,PSF,2,1.6,0,1,0,1,0,0,1,1,HIVER,COURTE,2,0,0,2,0,0,0,1,2,0,0,0,0.07142857142857142,0.0,0.2857142857142857,0.0,0,0,4614.857142857142,56,93.60000000000001,22,0.38930273,0.4538223,0.41188455
1092026,R1,C5,DEAUVILLE,1600,CORDE_DROITE,,,,PLAT,9,BAILEYS ECLAIR,6,HONGRES,3,OEILLERES_AUSTRALIENNES,M.DREAN,M.DREAN,M.FAVRIAUX,NON,0p8p4p5p0p0p9p0p4p0p,59,5,26,3,5,87001,40450,46551,3429,13712,0,56.5,GALOP,,1970-01-01 00:00:00.001092026,1600,BAILEYS ECLAIR,13,1,2,0.07692307692307693,0.15384615384615385,PSF,HAUTE,DEAUVILLE_PSF_HIVER,PSF,2,1.6,0,1,0,1,0,0,1,1,HIVER,COURTE,2,0,0,0,1,0,0,1,2,0,0,0,0.07692307692307693,0.0,0.15384615384615385,0.0,0,0,527.5384615384615,78,90.4,6,0.32664645,0.54573065,0.40332592
1092026,R1,C5,DEAUVILLE,1600,CORDE_DROITE,,,,PLAT,10,REDRUNNER,6,FEMELLES,5,SANS_OEILLERES,MME V.JUD-FREI,D.ARTU (S),L.BOISSEAU,NON,7p9p9p0p2p0p1p4p0p2p,47,3,18,4,1,48475,22550,25925,13710,28740,0,56.0,GALOP,,1970-01-01 00:00:00.001092026,1600,REDRUNNER,15,3,6,0.2,0.4,PSF,HAUTE,DEAUVILLE_PSF_HIVER,PSF,2,1.6,0,1,0,1,0,0,1,1,HIVER,COURTE,2,0,0,2,0,0,0,1,2,0,0,0,0.2,0.0,0.4,0.0,0,0,5484.0,90,89.60000000000001,10,0.22853583,0.45997998,0.30954129
1092026,R1,C5,DEAUVILLE,1600,CORDE_DROITE,,,,PLAT,3,TRUE VALUE,5,FEMELLES,10,SANS_OEILLERES,MME C.BARANDE BARBE,MME C.BARANDE BARBE,F.VALLE SKAR,NON,2p2p7p0p0p(25)0p0p6p0p,48,7,11,3,2,100601,74815,25786,7974,31692,0,59.5,GALOP,"2,1",1970-01-01 00:00:00.001092026,1600,TRUE VALUE,12,0,2,0.0,0.16666666666666666,PSF,HAUTE,DEAUVILLE_PSF_HIVER,PSF,2,1.6,0,1,0,1,0,0,1,1,HIVER,COURTE,2,0,0,2,0,0,0,1,2,0,0,0,0.0,0.0,0.16666666666666666,0.0,0,0,1329.0,60,95.2,20,0.26679045,0.38015872,0.30646932
1092026,R1,C5,DEAUVILLE,1600,CORDE_DROITE,,,,PLAT,7,AUTUMN TWILIGHT,8,MALES,8,SANS_OEILLERES,MME E.HEBERT,N.CAULLERY,A.POUCHIN,NON,0p0p9p0p7p4p7p1p3p3p,80,7,37,6,10,143958,55707,88251,16896,11310,0,57.0,GALOP,,1970-01-01 00:00:00.001092026,1600,AUTUMN TWILIGHT,15,1,4,0.06666666666666667,0.26666666666666666,PSF,HAUTE,DEAUVILLE_PSF_HIVER,PSF,2,1.6,0,1,0,1,0,0,1,1,HIVER,COURTE,2,0,0,2,2,0,0,1,2,0,0,0,0.06666666666666667,0.0,0.26666666666666666,0.0,0,0,4505.6,120,91.2,16,0.24364427,0.4102784,0.3019662
1092026,R1,C5,DEAUVILLE,1600,CORDE_DROITE,,,,PLAT,11,ZAAHIR,10,HONGRES,1,SANS_OEILLERES,L.GUILLOUX,L.GUILLOUX,H.LEBOUC,NON,0p4p0p8p0p9p2p5p5p0p,123,10,44,8,10,145600,69250,76350,4760,24119,0,54.5,GALOP,,1970-01-01 00:00:00.001092026,1600,ZAAHIR,19,1,3,0.05263157894736842,0.15789473684210525,PSF,HAUTE,DEAUVILLE_PSF_HIVER,PSF,2,1.6,0,1,0,1,0,0,1,1,HIVER,COURTE,2,0,0,2,1,0,0,1,2,0,0,0,0.05263157894736842,0.0,0.15789473684210525,0.0,0,0,751.578947368421,190,87.2,2,0.20307297,0.46704265,0.29546237
1092026,R1,C5,DEAUVILLE,1600,CORDE_DROITE,,,,PLAT,2,LIGHT WAKEUP,8,HONGRES,2,SANS_OEILLERES,H.BOUJARDINE,H.BOUJARDINE,M.GUYON,NON,0p5p0p3p6p8p0p0p0p0p,91,11,26,7,9,180868,115100,65768,3820,20101,0,60.0,GALOP,,1970-01-01 00:00:00.001092026,1600,LIGHT WAKEUP,18,1,3,0.05555555555555555,0.16666666666666666,PSF,HAUTE,DEAUVILLE_PSF_HIVER,PSF,2,1.6,0,1,0,1,0,0,1,1,HIVER,COURTE,2,0,0,2,1,0,0,1,2,0,0,0,0.05555555555555555,0.0,0.16666666666666666,0.0,0,0,636.6666666666666,144,96.0,4,0.12929079,0.4784837,0.2515083
1092026,R1,C5,DEAUVILLE,1600,CORDE_DROITE,,,,PLAT,5,LUNALA,6,FEMELLES,9,SANS_OEILLERES,H.BOUJARDINE,H.BOUJARDINE,M.GRANDIN,NON,8p3p7p7p7p8p0p9p8p3p,66,4,31,4,7,110863,51000,59863,10093,23690,0,58.0,GALOP,,1970-01-01 00:00:00.001092026,1600,LUNALA,23,0,3,0.0,0.13043478260869565,PSF,HAUTE,DEAUVILLE_PSF_HIVER,PSF,2,1.6,0,1,0,1,0,0,1,1,HIVER,COURTE,2,0,0,2,0,0,0,1,2,0,0,0,0.0,0.0,0.13043478260869565,0.0,0,0,1316.4782608695652,138,92.80000000000001,18,0.20047142,0.3016097,0.23586982
1092026,R1,C6,DEAUVILLE,1600,CORDE_DROITE,,,,PLAT,4,ALCOTAN,6,HONGRES,7,SANS_OEILLERES,M.DREAN,M.DREAN,M.FAVRIAUX,NON,5p7p4p0p0p(25)9p7p0p1p,36,4,17,4,2,80586,38350,42236,2810,25466,0,58.5,GALOP,,1970-01-01 00:00:00.001092026,1600,ALCOTAN,8,0,0,0.0,0.0,PSF,HAUTE,DEAUVILLE_PSF_HIVER,PSF,2,1.6,0,1,0,1,0,0,1,1,HIVER,COURTE,2,0,0,2,1,0,0,1,2,0,0,0,0.0,0.0,0.0,0.0,0,0,0.0,48,93.60000000000001,14,0.6278895,0.6453944,0.6340162
1092026,R1,C6,DEAUVILLE,1600,CORDE_DROITE,,,,PLAT,5,ROYAL SHAKE,6,HONGRES,8,SANS_OEILLERES,MME C.AUVRAY,MME C.AUVRAY,M.BARZALONA,NON,4p3p6p3p0p5p0p0p(25)4p,32,2,18,3,4,76542,27500,49042,8304,8828,0,58.0,GALOP,,1970-01-01 00:00:00.001092026,1600,ROYAL SHAKE,10,0,3,0.0,0.3,PSF,HAUTE,DEAUVILLE_PSF_HIVER,PSF,2,1.6,0,1,0,1,0,0,1,1,HIVER,COURTE,2,0,0,2,1,0,0,1,2,0,0,0,0.0,0.0,0.3,0.0,0,0,2491.2,60,92.80000000000001,16,0.58537215,0.6458791,0.60654956
1092026,R1,C6,DEAUVILLE,1600,CORDE_DROITE,,,,PLAT,2,LIGHTNING RAID,4,MALES,3,SANS_OEILLERES,JV.TOUX,JV.TOUX,P.BAZIRE,NON,9p3p1p3p3p6p,6,1,4,0,3,18536,10550,7986,18536,0,0,60.0,GALOP,,1970-01-01 00:00:00.001092026,1600,LIGHTNING RAID,6,1,4,0.16666666666666666,0.6666666666666666,PSF,HAUTE,DEAUVILLE_PSF_HIVER,PSF,2,1.6,0,1,0,1,0,0,1,1,HIVER,COURTE,2,0,0,2,2,0,0,1,2,0,0,0,0.16666666666666666,0.0,0.6666666666666666,0.0,0,0,12357.333333333332,24,96.0,6,0.5746667,0.6518114,0.60166734
1092026,R1,C6,DEAUVILLE,1600,CORDE_DROITE,,,,PLAT,3,STEADY SUCCESS,5,HONGRES,4,SANS_OEILLERES,R.NG,A.BOTTI (S),PC.BOUDOT,NON,7p7p5p6p(25)0p5p3p2p2p,13,1,10,2,1,20759,4000,16759,2075,16984,0,59.5,GALOP,,1970-01-01 00:00:00.001092026,1600,STEADY SUCCESS,9,0,2,0.0,0.2222222222222222,PSF,HAUTE,DEAUVILLE_PSF_HIVER,PSF,2,1.6,0,1,0,1,0,0,1,1,HIVER,COURTE,2,0,0,2,1,0,0,1,2,0,0,0,0.0,0.0,0.2222222222222222,0.0,0,0,461.1111111111111,45,95.2,8,0.4446214,0.69500154,0.53225446
1092026,R1,C6,DEAUVILLE,1600,CORDE_DROITE,,,,PLAT,8,WHATAHERO,4,HONGRES,6,SANS_OEILLERES,PL.GUERIN,PL.GUERIN,L.GROSSO,NON,0p8p6p1p6p6p0p4p7p0p,22,3,12,2,2,47243,27300,19943,14928,28865,0,56.5,GALOP,,1970-01-01 00:00:00.001092026,1600,WHATAHERO,15,1,2,0.06666666666666667,0.13333333333333333,PSF,HAUTE,DEAUVILLE_PSF_HIVER,PSF,2,1.6,0,1,0,1,0,0,1,1,HIVER,COURTE,2,0,0,2,1,0,0,1,2,0,0,0,0.06666666666666667,0.0,0.13333333333333333,0.0,0,0,1990.3999999999999,60,90.4,12,0.477542,0.58867955,0.51644015
1092026,R1,C6,DEAUVILLE,1600,CORDE_DROITE,,,,PLAT,9,PAMELA BOUM,5,FEMELLES,5,SANS_OEILLERES,A.HADDAD/A.HADDAD,C.FEY (S),E.HARDOUIN,NON,2p3p1p6p3p2p5p4p(25)0p,27,2,13,3,3,46381,18100,28281,27261,12920,0,56.5,GALOP,,1970-01-01 00:00:00.001092026,1600,PAMELA BOUM,8,1,5,0.125,0.625,PSF,HAUTE,DEAUVILLE_PSF_HIVER,PSF,2,1.6,0,1,0,1,0,0,1,1,HIVER,COURTE,2,0,0,2,0,0,0,1,2,0,0,0,0.125,0.0,0.625,0.0,0,0,17038.125,40,90.4,10,0.31663254,0.5649827,0.4035551
1092026,R1,C6,DEAUVILLE,1600,CORDE_DROITE,,,,PLAT,1,MODERN SPIRIT,4,HONGRES,1,SANS_OEILLERES,G.LUYCKX,JUL .PHELIPPON,T.TRULLIER,NON,6p5p6p0p8p1p5p2p2p6p,28,2,18,2,1,46137,21150,24987,32902,13235,0,60.0,GALOP,,1970-01-01 00:00:00.001092026,1600,MODERN SPIRIT,17,2,4,0.11764705882352941,0.23529411764705882,PSF,HAUTE,DEAUVILLE_PSF_HIVER,PSF,2,1.6,0,1,0,1,0,0,1,1,HIVER,COURTE,2,0,0,2,1,0,0,1,2,0,0,0,0.11764705882352941,0.0,0.23529411764705882,0.0,0,0,7741.64705882353,68,96.0,2,0.32104114,0.5147197,0.38882864
1092026,R1,C6,DEAUVILLE,1600,CORDE_DROITE,,,,PLAT,7,REGALIENNE,4,FEMELLES,9,SANS_OEILLERES,W.CHENG,V.DEVILLARS,L.BOISSEAU,NON,0p5p0p1p0p0p0p9p5p,11,1,4,0,0,15118,8250,6868,9718,5400,0,57.0,GALOP,,1970-01-01 00:00:00.001092026,1600,REGALIENNE,10,1,1,0.1,0.1,PSF,HAUTE,DEAUVILLE_PSF_HIVER,PSF,2,1.6,0,1,0,1,0,0,1,1,HIVER,COURTE,2,0,0,2,0,0,0,1,2,0,0,0,0.1,0.0,0.1,0.0,0,0,971.8000000000001,40,91.2,18,0.4163387,0.33731052,0.38867885
1092026,R1,C6,DEAUVILLE,1600,CORDE_DROITE,,,,PLAT,6,CELTIC ARYAAN,6,HONGRES,11,SANS_OEILLERES,A.AL AIDAROUS,E.LIBAUD (S),A.POUCHIN,NON,4p7p4p(25)9p1p6p9p6p1p,27,3,14,2,2,53667,30000,23667,3432,24410,0,57.0,GALOP,,1970-01-01 00:00:00.001092026,1600,CELTIC ARYAAN,3,0,0,0.0,0.0,PSF,HAUTE,DEAUVILLE_PSF_HIVER,PSF,2,1.6,0,1,0,1,0,0,1,1,HIVER,COURTE,2,0,0,2,1,0,0,1,2,0,0,0,0.0,0.0,0.0,0.0,0,0,0.0,18,91.2,22,0.38102955,0.3754032,0.37906033
1092026,R1,C6,DEAUVILLE,1600,CORDE_DROITE,,,,PLAT,11,MISSOURI,6,HONGRES,10,SANS_OEILLERES,L.GUILLOUX,L.GUILLOUX,A.MADAMET,NON,6p4p6p6p9p6p6p3p2p,44,3,28,2,6,58600,18000,40600,11516,17584,0,53.0,GALOP,,1970-01-01 00:00:00.001092026,1600,MISSOURI,16,0,5,0.0,0.3125,PSF,HAUTE,DEAUVILLE_PSF_HIVER,PSF,2,1.6,0,1,0,1,0,0,1,1,HIVER,COURTE,2,0,0,2,1,0,0,1,2,0,0,0,0.0,0.0,0.3125,0.0,0,0,3598.75,96,84.80000000000001,20,0.29027313,0.44058722,0.34288305
1092026,R1,C6,DEAUVILLE,1600,CORDE_DROITE,,,,PLAT,10,MARKSWOMAN,6,FEMELLES,2,SANS_OEILLERES,J.LEROY,J.LEROY,L.GALLO,NON,3p2p1p9p7p1p5p7p7p6p,48,5,28,10,2,116711,50700,66011,27922,16299,0,55.5,GALOP,,1970-01-01 00:00:00.001092026,1600,MARKSWOMAN,18,2,4,0.1111111111111111,0.2222222222222222,PSF,HAUTE,DEAUVILLE_PSF_HIVER,PSF,2,1.6,0,1,0,1,0,0,1,1,HIVER,COURTE,2,0,0,2,0,0,0,1,2,0,0,0,0.1111111111111111,0.0,0.2222222222222222,0.0,0,0,6204.888888888889,108,88.80000000000001,4,0.10584648,0.38420382,0.20327155
1092026,R1,C7,DEAUVILLE,1600,CORDE_DROITE,,,,PLAT,11,MURRAY,6,HONGRES,4,SANS_OEILLERES,R.VAN DEN TROOST,BV VAN DEN TROOST,M.VELON,NON,4p8p4p3p0p6p(25)9p5p7p,33,4,14,3,3,38868,19900,18968,4143,16725,0,58.0,GALOP,,1970-01-01 00:00:00.001092026,1600,MURRAY,5,0,1,0.0,0.2,PSF,HAUTE,DEAUVILLE_PSF_HIVER,PSF,2,1.6,0,1,0,1,0,0,1,1,HIVER,COURTE,2,0,0,2,1,0,0,1,2,0,0,0,0.0,0.0,0.2,0.0,0,0,828.6,30,92.80000000000001,8,0.5216059,0.5986635,0.54857606
1092026,R1,C7,DEAUVILLE,1600,CORDE_DROITE,,,,PLAT,6,LISIPPO,4,MALES,5,SANS_OEILLERES,F.BARBERI,F.CARNEVALI,A.HAMELIN,NON,0p8p9p3p2p0p(25)1p1p8p,13,2,2,1,1,30104,21150,8954,8954,21150,0,59.0,GALOP,"4,1",1970-01-01 00:00:00.001092026,1600,LISIPPO,10,2,4,0.2,0.4,PSF,HAUTE,DEAUVILLE_PSF_HIVER,PSF,2,1.6,0,1,0,1,0,0,1,1,HIVER,COURTE,2,0,0,2,2,0,0,1,2,0,0,0,0.2,0.0,0.4,0.0,0,0,3581.6000000000004,40,94.4,10,0.46200195,0.63258094,0.52170455
1092026,R1,C7,DEAUVILLE,1600,CORDE_DROITE,,,,PLAT,10,MASTER PAT,5,HONGRES,6,OEILLERES_CLASSIQUE,ECURIE INITIAL,G.PANNIER,D.PROVOST,NON,4pDp3p7p5p1p2p4p(25)8p,27,2,17,2,5,54622,23400,31222,26066,28556,0,58.0,GALOP,,1970-01-01 00:00:00.001092026,1600,MASTER PAT,14,1,5,0.07142857142857142,0.35714285714285715,PSF,HAUTE,DEAUVILLE_PSF_HIVER,PSF,2,1.6,0,1,0,1,0,0,1,1,HIVER,COURTE,2,0,0,1,1,0,0,1,2,0,0,0,0.07142857142857142,0.0,0.35714285714285715,0.0,0,0,9309.285714285714,70,92.80000000000001,12,0.42906746,0.6527404,0.50735295
1092026,R1,C7,DEAUVILLE,1600,CORDE_DROITE,,,,PLAT,5,ARTISTIC MAN,4,MALES,2,OEILLERES_AUSTRALIENNES,A.DOMPEYRE/F.JOLIVET/JP.GARNIER,F.JOLIVET (S),H.LEBOUC,NON,8p(25)0p6p2p2p1p2p3p1p,12,2,8,3,3,30357,8350,22007,0,30357,0,59.5,GALOP,,1970-01-01 00:00:00.001092026,1600,ARTISTIC MAN,5,0,2,0.0,0.4,PSF,HAUTE,DEAUVILLE_PSF_HIVER,PSF,2,1.6,0,1,0,1,0,0,1,1,HIVER,COURTE,2,0,0,0,2,0,0,1,2,0,0,0,0.0,0.0,0.4,0.0,0,0,0.0,20,95.2,4,0.48108777,0.5490222,0.5048648
1092026,R1,C7,DEAUVILLE,1600,CORDE_DROITE,,,,PLAT,9,SPRING HEART,5,FEMELLES,7,SANS_OEILLERES,MME V.BOUTOUR,A.BOTTI (S),S.TISON,NON,4p3p6p7p0p1p(25)2p6p8p,27,2,22,10,6,92778,22650,70128,24936,27992,0,58.5,GALOP,"3,1",1970-01-01 00:00:00.001092026,1600,SPRING HEART,9,1,3,0.1111111111111111,0.3333333333333333,PSF,HAUTE,DEAUVILLE_PSF_HIVER,PSF,2,1.6,0,1,0,1,0,0,1,1,HIVER,COURTE,2,0,0,2,0,0,0,1,2,0,0,0,0.1111111111111111,0.0,0.3333333333333333,0.0,0,0,8312.0,45,93.60000000000001,14,0.414781,0.65483963,0.4988015
1092026,R1,C7,DEAUVILLE,1600,CORDE_DROITE,,,,PLAT,2,BOLKHOV,4,HONGRES,9,SANS_OEILLERES,MME M.CAZAUBON/A.BOTTI(S),A.BOTTI (S),PC.BOUDOT,NON,1p1p3p4p3p5p6p2p(25)8p,9,2,6,1,2,33305,22550,10755,33305,0,0,60.0,GALOP,"2,4",1970-01-01 00:00:00.001092026,1600,BOLKHOV,9,2,5,0.2222222222222222,0.5555555555555556,PSF,HAUTE,DEAUVILLE_PSF_HIVER,PSF,2,1.6,0,1,0,1,0,0,1,1,HIVER,COURTE,2,0,0,2,1,0,0,1,2,0,0,0,0.2222222222222222,0.0,0.5555555555555556,0.0,0,0,18502.777777777777,36,96.0,18,0.4241309,0.5089117,0.4538042
1092026,R1,C7,DEAUVILLE,1600,CORDE_DROITE,,,,PLAT,1,HAYEJOHN,6,HONGRES,3,SANS_OEILLERES,JP.VANDEN HEEDE,N.CAULLERY,D.SANTIAGO,NON,2p1p6p5p3p1p2p2p1p,50,8,23,7,4,176275,100400,75875,55341,10394,0,60.0,GALOP,,1970-01-01 00:00:00.001092026,1600,HAYEJOHN,14,3,8,0.21428571428571427,0.5714285714285714,PSF,HAUTE,DEAUVILLE_PSF_HIVER,PSF,2,1.6,0,1,0,1,0,0,1,1,HIVER,COURTE,2,0,0,2,1,0,0,1,2,0,0,0,0.21428571428571427,0.0,0.5714285714285714,0.0,0,0,31623.42857142857,84,96.0,6,0.33134013,0.6024779,0.42623836
1092026,R1,C7,DEAUVILLE,1600,CORDE_DROITE,,,,PLAT,3,BABY HARTWOOD,4,MALES,10,SANS_OEILLERES,D.GUINDON/M.HOVELACQUE,MME V.DISSAUX,C.DEMURO,NON,7p3p0p7p0p5p5p2p0p4p,21,2,13,1,1,45414,20200,25214,18551,25363,0,59.5,GALOP,24,1970-01-01 00:00:00.001092026,1600,BABY HARTWOOD,16,2,4,0.125,0.25,PSF,HAUTE,DEAUVILLE_PSF_HIVER,PSF,2,1.6,0,1,0,1,0,0,1,1,HIVER,COURTE,2,0,0,2,2,0,0,1,2,0,0,0,0.125,0.0,0.25,0.0,0,0,4637.75,64,95.2,20,0.31882522,0.4433695,0.3624157
1092026,R1,C7,DEAUVILLE,1600,CORDE_DROITE,,,,PLAT,4,OUT OF THE BLUE,4,HONGRES,1,SANS_OEILLERES,M.M.BOUTIN (S),M.BOUTIN (S),H.BOUTIN,NON,7p4p0p0p1p1p1p3p0p,12,3,4,0,1,35021,29800,5221,34446,575,0,59.5,GALOP,,1970-01-01 00:00:00.001092026,1600,OUT OF THE BLUE,14,3,4,0.21428571428571427,0.2857142857142857,PSF,HAUTE,DEAUVILLE_PSF_HIVER,PSF,2,1.6,0,1,0,1,0,0,1,1,HIVER,COURTE,2,0,0,2,1,0,0,1,2,0,0,0,0.21428571428571427,0.0,0.2857142857142857,0.0,0,0,9841.714285714284,56,95.2,2,0.26646602,0.45047927,0.33087063
1092026,R1,C7,DEAUVILLE,1600,CORDE_DROITE,,,,PLAT,7,AMORCITA,5,FEMELLES,11,OEILLERES_CLASSIQUE,P.RECHSTEINER,HA.PANTALL (S),T.PICCONE,NON,0p1p0p0p4p0p0p1p(25)0p,29,4,9,0,4,78362,43050,35312,24422,0,0,59.0,GALOP,"6,2",1970-01-01 00:00:00.001092026,1600,AMORCITA,10,2,2,0.2,0.2,PSF,HAUTE,DEAUVILLE_PSF_HIVER,PSF,2,1.6,0,1,0,1,0,0,1,1,HIVER,COURTE,2,0,0,1,0,0,0,1,2,0,0,0,0.2,0.0,0.2,0.0,0,0,4884.400000000001,50,94.4,22,0.22014163,0.40721023,0.28561562
1092026,R1,C7,DEAUVILLE,1600,CORDE_DROITE,,,,PLAT,8,FASTER,7,FEMELLES,8,SANS_OEILLERES,B.SANTIAGO,LD.RACCO,L.GROSSO,NON,1p5p6p4p1p(25)8p0p0p2p,70,7,38,5,11,165056,79550,85506,26997,39084,0,58.5,GALOP,,1970-01-01 00:00:00.001092026,1600,FASTER,12,3,4,0.25,0.3333333333333333,PSF,HAUTE,DEAUVILLE_PSF_HIVER,PSF,2,1.6,0,1,0,1,0,0,1,1,HIVER,COURTE,2,0,0,2,0,0,0,1,2,0,0,0,0.25,0.0,0.3333333333333333,0.0,0,0,8999.0,84,93.60000000000001,16,0.23316461,0.28953695,0.2528949
1092026,R1,C8,DEAUVILLE,1900,CORDE_DROITE,,,,PLAT,9,DRUIDE,6,HONGRES,2,SANS_OEILLERES,P.JANSSENS,S.CERULIS,W.LEVESQUE,NON,3p2p5p3p5p3p2p5p5p5p,30,1,25,9,5,63242,6500,56742,17406,5576,0,56.0,GALOP,"3,1",1970-01-01 00:00:00.001092026,1900,DRUIDE,13,0,6,0.0,0.46153846153846156,PSF,HAUTE,DEAUVILLE_PSF_HIVER,PSF,2,1.9,0,1,0,1,0,0,1,1,HIVER,MOYENNE,2,0,0,2,1,0,0,1,2,3,0,0,0.0,0.0,0.46153846153846156,0.0,0,0,8033.538461538462,78,106.39999999999999,4,0.44834286,0.79249316,0.56879544
1092026,R1,C8,DEAUVILLE,1900,CORDE_DROITE,,,,PLAT,5,SEIGNEUR,7,HONGRES,4,SANS_OEILLERES,MME V.HEAD,MME V.HEAD,S.TISON,NON,0p6p6p8p4p2p4p0p(25)5p,41,3,23,4,6,90246,35213,55033,8277,10560,0,57.0,GALOP,,1970-01-01 00:00:00.001092026,1900,SEIGNEUR,8,0,1,0.0,0.125,PSF,HAUTE,DEAUVILLE_PSF_HIVER,PSF,2,1.9,0,1,0,1,0,0,1,1,HIVER,MOYENNE,2,0,0,2,1,0,0,1,2,3,0,0,0.0,0.0,0.125,0.0,0,0,1034.625,56,108.3,8,0.49027053,0.6286091,0.538689
1092026,R1,C8,DEAUVILLE,1900,CORDE_DROITE,,,,PLAT,7,EVER FAST,4,HONGRES,1,SANS_OEILLERES,P.FELLOUS/P.LAMY,F.BRESSON (S),M.BARZALONA,NON,2p8p0p5p3p(25)0p6p0p6p,17,1,10,2,1,31130,14000,17130,6782,22048,0,57.0,GALOP,,1970-01-01 00:00:00.001092026,1900,EVER FAST,9,0,2,0.0,0.2222222222222222,PSF,HAUTE,DEAUVILLE_PSF_HIVER,PSF,2,1.9,0,1,0,1,0,0,1,1,HIVER,MOYENNE,2,0,0,2,1,0,0,1,2,3,0,0,0.0,0.0,0.2222222222222222,0.0,0,0,1507.111111111111,36,108.3,2,0.45355168,0.5935174,0.50253963
1092026,R1,C8,DEAUVILLE,1900,CORDE_DROITE,,,,PLAT,4,MAIZIERES,5,FEMELLES,3,SANS_OEILLERES,G.AUGUSTIN-NORMAND,S.NIGGE (S),D.SANTIAGO,NON,1p3p9p4p0p6p9p0p6p,34,2,15,1,3,50834,22100,28734,15130,11454,0,57.5,GALOP,,1970-01-01 00:00:00.001092026,1900,MAIZIERES,14,1,3,0.07142857142857142,0.21428571428571427,PSF,HAUTE,DEAUVILLE_PSF_HIVER,PSF,2,1.9,0,1,0,1,0,0,1,1,HIVER,MOYENNE,2,0,0,2,0,0,0,1,2,3,0,0,0.07142857142857142,0.0,0.21428571428571427,0.0,0,0,3242.142857142857,70,109.25,6,0.3871855,0.5862491,0.45685774
1092026,R1,C8,DEAUVILLE,1900,CORDE_DROITE,,,,PLAT,3,NEYSHAPUR,4,FEMELLES,5,SANS_OEILLERES,SM.AGUINSACA ARMIJOS,SM.AGUINSACA ARMIJOS,J.MOISAN,NON,5p1p2p0p6p4p0p8p6p6p,15,3,9,2,1,27078,18400,8678,16778,10300,0,57.5,GALOP,,1970-01-01 00:00:00.001092026,1900,NEYSHAPUR,11,1,3,0.09090909090909091,0.2727272727272727,PSF,HAUTE,DEAUVILLE_PSF_HIVER,PSF,2,1.9,0,1,0,1,0,0,1,1,HIVER,MOYENNE,2,0,0,2,0,0,0,1,2,3,0,0,0.09090909090909091,0.0,0.2727272727272727,0.0,0,0,4575.818181818181,44,109.25,10,0.38218278,0.5781604,0.45077494
1092026,R1,C8,DEAUVILLE,1900,CORDE_DROITE,,,,PLAT,6,VALHALLA,4,HONGRES,10,SANS_OEILLERES,MME S.HEUMER,MME A.WATTEL,M.GRANDIN,NON,0p4p0p3p1p4p,6,1,3,0,1,9174,4500,4674,9174,0,0,57.0,GALOP,,1970-01-01 00:00:00.001092026,1900,VALHALLA,7,0,0,0.0,0.0,PSF,HAUTE,DEAUVILLE_PSF_HIVER,PSF,2,1.9,0,1,0,1,0,0,1,1,HIVER,MOYENNE,2,0,0,2,1,0,0,1,2,3,0,0,0.0,0.0,0.0,0.0,0,0,0.0,28,108.3,20,0.44269884,0.43205446,0.4389733
1092026,R1,C8,DEAUVILLE,1900,CORDE_DROITE,,,,PLAT,10,FLY HALF,4,HONGRES,7,OEILLERES_AUSTRALIENNES,R.PHILIPPON,P.ADDA (S),F.VALLE SKAR,NON,8p6p7p7p0p0p0p8p5p8p,21,2,8,1,0,58999,36500,22499,1399,15000,0,56.0,GALOP,"3,1",1970-01-01 00:00:00.001092026,1900,FLY HALF,10,0,0,0.0,0.0,PSF,HAUTE,DEAUVILLE_PSF_HIVER,PSF,2,1.9,0,1,0,1,0,0,1,1,HIVER,MOYENNE,2,0,0,0,1,0,0,1,2,3,0,0,0.0,0.0,0.0,0.0,0,0,0.0,40,106.39999999999999,14,0.4208885,0.45905578,0.43424702
1092026,R1,C8,DEAUVILLE,1900,CORDE_DROITE,,,,PLAT,11,HOLLYHOCK,7,HONGRES,9,SANS_OEILLERES,STAL VIE EN ROSE,MME S.LANSLOTS,P.BAZIRE,NON,(25)0p0p0p0p1p8p9p0p,44,4,18,5,4,122130,51750,70380,0,10000,0,56.0,GALOP,,1970-01-01 00:00:00.001092026,1900,HOLLYHOCK,3,0,0,0.0,0.0,PSF,HAUTE,DEAUVILLE_PSF_HIVER,PSF,2,1.9,0,1,0,1,0,0,1,1,HIVER,MOYENNE,2,0,0,2,1,0,0,1,2,3,0,0,0.0,0.0,0.0,0.0,0,0,0.0,21,106.39999999999999,18,0.36582536,0.33606562,0.35540944
1092026,R1,C8,DEAUVILLE,1900,CORDE_DROITE,,,,PLAT,1,ARTURO,7,HONGRES,11,OEILLERES_AUSTRALIENNES,STALL MOUNTAIN RIVER,FX.WEISSMEIER,C.DEMURO,NON,1p3p7p9p5p0p0p(25)1p2p,50,4,29,14,6,123361,44250,79111,10380,52141,0,59.0,GALOP,"1,9",1970-01-01 00:00:00.001092026,1900,ARTURO,9,1,2,0.1111111111111111,0.2222222222222222,PSF,HAUTE,DEAUVILLE_PSF_HIVER,PSF,2,1.9,0,1,0,1,0,0,1,1,HIVER,MOYENNE,2,0,0,0,1,0,0,1,2,3,0,0,0.1111111111111111,0.0,0.2222222222222222,0.0,0,0,2306.6666666666665,63,112.1,22,0.17902252,0.5256266,0.30033395
1092026,R1,C8,DEAUVILLE,1900,CORDE_DROITE,,,,PLAT,12,HAVANA SIX,7,FEMELLES,8,OEILLERES_AUSTRALIENNES,M.MOTSCHMANN,G.MOSSE (S),M.GUYON,NON,4p0p5p0p7p0p5p3p3p,46,4,27,6,7,113306,42500,70806,9764,32997,0,54.5,GALOP,,1970-01-01 00:00:00.001092026,1900,HAVANA SIX,16,0,3,0.0,0.1875,PSF,HAUTE,DEAUVILLE_PSF_HIVER,PSF,2,1.9,0,1,0,1,0,0,1,1,HIVER,MOYENNE,2,0,0,0,0,0,0,1,2,3,0,0,0.0,0.0,0.1875,0.0,0,0,1830.75,112,103.55,16,0.23819414,0.39962104,0.29469353
1092026,R1,C8,DEAUVILLE,1900,CORDE_DROITE,,,,PLAT,13,ANIMA SANA,4,FEMELLES,12,OEILLERES_AUSTRALIENNES,S.QUILLET,JUL .PHELIPPON,T.TRULLIER,NON,8p6p3p7p5p0p8p4p3p1p,18,1,13,1,4,26536,5950,20586,13004,13532,0,54.5,GALOP,,1970-01-01 00:00:00.001092026,1900,ANIMA SANA,15,1,4,0.06666666666666667,0.26666666666666666,PSF,HAUTE,DEAUVILLE_PSF_HIVER,PSF,2,1.9,0,1,0,1,0,0,1,1,HIVER,MOYENNE,2,0,0,0,0,0,0,1,2,3,0,0,0.06666666666666667,0.0,0.26666666666666666,0.0,0,0,3467.733333333333,60,103.55,24,0.18864831,0.43219516,0.27388972
1092026,R1,C8,DEAUVILLE,1900,CORDE_DROITE,,,,PLAT,8,KIEVSKY,6,HONGRES,6,SANS_OEILLERES,MME G.GADBLED,MME G.GADBLED,E.HARDOUIN,NON,8p0p7p0p9p5p0p1p4p6p,32,3,15,0,5,49648,24450,25198,22257,9141,0,56.0,GALOP,,1970-01-01 00:00:00.001092026,1900,KIEVSKY,20,2,4,0.1,0.2,PSF,HAUTE,DEAUVILLE_PSF_HIVER,PSF,2,1.9,0,1,0,1,0,0,1,1,HIVER,MOYENNE,2,0,0,2,1,0,0,1,2,3,0,0,0.1,0.0,0.2,0.0,0,0,4451.400000000001,120,106.39999999999999,12,0.16723654,0.40976083,0.25212002
1092026,R1,C8,DEAUVILLE,1900,CORDE_DROITE,,,,PLAT,2,ODIN NORMANDY,7,HONGRES,13,SANS_OEILLERES,P.COTTRET,M.BRASME (S),A.VILCHIEN,NON,6p1p9p1p1p(25)3p1p7p5p,27,6,17,4,6,73225,42000,31225,21235,16495,0,58.0,GALOP,,1970-01-01 00:00:00.001092026,1900,ODIN NORMANDY,10,4,5,0.4,0.5,PSF,HAUTE,DEAUVILLE_PSF_HIVER,PSF,2,1.9,0,1,0,1,0,0,1,1,HIVER,MOYENNE,2,0,0,2,1,0,0,1,2,3,0,0,0.4,0.0,0.5,0.0,0,0,10617.5,70,110.19999999999999,26,0.21110603,0.27473378,0.23337574
1092026,R6,C4,BADEN-BADEN,2800,CORDE_GAUCHE,,,,PLAT,2,REX CARVER,4,HONGRES,3,OEILLERES_AUSTRALIENNES,CAROLINE PIETSCH,CAROLINE PIETSCH,ALEXANDER PIETSCH,NON,6p1p0p3p9p,28,2,8,3,5,19420,5000,14420,3850,8150,0,63.5,GALOP,,1970-01-01 00:00:00.001092026,2800,REX CARVER,8,0,2,0.0,0.25,GAZON,FAIBLE,DEFAUT_PROVINCE,GAZON,0,2.8,0,0,1,0,1,0,1,1,HIVER,LONGUE,0,0,1,0,1,0,0,0,3,2,0,0,0.0,0.0,0.0,0.25,0,0,962.5,32,177.79999999999998,0,0.47958702,0.75097924,0.5745743
1092026,R6,C4,BADEN-BADEN,2800,CORDE_GAUCHE,,,,PLAT,1,DORTMUNDER,6,HONGRES,7,SANS_OEILLERES,UWE SCHWINN U.ROBERT WEGO,UWE SCHWINN,AM.MATTHEW S.JOHNSON,NON,4p1p6p2p3p,36,6,12,4,8,43275,18000,25275,10150,20900,0,63.0,GALOP,,1970-01-01 00:00:00.001092026,2800,DORTMUNDER,2,0,0,0.0,0.0,GAZON,FAIBLE,DEFAUT_PROVINCE,GAZON,0,2.8,0,0,1,0,1,0,1,1,HIVER,LONGUE,0,0,1,2,1,0,0,0,3,2,0,0,0.0,0.0,0.0,0.0,0,0,0.0,12,176.39999999999998,0,0.44284195,0.6802408,0.52593154
1092026,R6,C4,BADEN-BADEN,2800,CORDE_GAUCHE,,,,PLAT,7,BELLA SHEILA,4,FEMELLES,5,SANS_OEILLERES,YVONNE MILITZER,ROLAND DZUBASZ,BAUYRZHAN MURZABAYEV,NON,3p2p1p9p7p,12,1,4,2,2,9925,4000,5925,9300,625,0,58.5,GALOP,,1970-01-01 00:00:00.001092026,2800,BELLA SHEILA,4,1,2,0.25,0.5,GAZON,FAIBLE,DEFAUT_PROVINCE,GAZON,0,2.8,0,0,1,0,1,0,1,1,HIVER,LONGUE,0,0,1,2,0,0,0,0,3,2,0,0,0.0,0.25,0.0,0.5,0,0,4650.0,16,163.79999999999998,0,0.38180774,0.7629153,0.51519537
1092026,R6,C4,BADEN-BADEN,2800,CORDE_GAUCHE,,,,PLAT,4,DICKSON,7,HONGRES,2,SANS_OEILLERES,TABEA WUCHERPFENNIG,KAROLY KEREKES,ANDREA RICUPA,NON,6p4p0p(25)8p,25,3,6,4,2,16245,7500,8745,800,800,0,60.0,GALOP,,1970-01-01 00:00:00.001092026,2800,DICKSON,1,0,0,0.0,0.0,GAZON,FAIBLE,DEFAUT_PROVINCE,GAZON,0,2.8,0,0,1,0,1,0,1,1,HIVER,LONGUE,0,0,1,2,1,0,0,0,3,2,0,0,0.0,0.0,0.0,0.0,0,0,0.0,7,168.0,0,0.3027928,0.6111064,0.41070253
1092026,R6,C4,BADEN-BADEN,2800,CORDE_GAUCHE,,,,PLAT,6,PEPPER SNOW,4,FEMELLES,1,SANS_OEILLERES,STALL KSK,GORDAN BATISTIC,THORE HAMMER-HANSEN,NON,1p2p2p0p0p,12,1,2,2,0,8384,3000,5384,5000,3384,0,59.0,GALOP,,1970-01-01 00:00:00.001092026,2800,PEPPER SNOW,6,0,0,0.0,0.0,GAZON,FAIBLE,DEFAUT_PROVINCE,GAZON,0,2.8,0,0,1,0,1,0,1,1,HIVER,LONGUE,0,0,1,2,0,0,0,0,3,2,0,0,0.0,0.0,0.0,0.0,0,0,0.0,24,165.2,0,0.28102723,0.5062693,0.3598619
1092026,R6,C4,BADEN-BADEN,2800,CORDE_GAUCHE,,,,PLAT,3,DORO,5,FEMELLES,9,SANS_OEILLERES,DORIS SCHAER STEMMER,GERALD GEISLER,AM.KEVIN BRAYE,NON,5p(25)1p5p1p,15,3,1,1,0,12800,8000,4800,250,10950,0,62.0,GALOP,,1970-01-01 00:00:00.001092026,2800,DORO,1,0,0,0.0,0.0,GAZON,FAIBLE,DEFAUT_PROVINCE,GAZON,0,2.8,0,0,1,0,1,0,1,1,HIVER,LONGUE,0,0,1,2,0,0,0,0,3,2,0,0,0.0,0.0,0.0,0.0,0,0,0.0,5,173.6,0,0.2575115,0.4286504,0.3174101
1092026,R6,C4,BADEN-BADEN,2800,CORDE_GAUCHE,,,,PLAT,5,ALBAROLA,4,FEMELLES,8,OEILLERES_AUSTRALIENNES,HERBERT ENGELS,AXEL KLEINKORRES,LILLI-MARIE ENGELS,NON,7p9p7p7p(25),11,0,2,0,2,5950,0,5950,200,5750,0,59.5,GALOP,,1970-01-01 00:00:00.001092026,2800,ALBAROLA,0,0,0,0.0,0.0,GAZON,FAIBLE,DEFAUT_PROVINCE,GAZON,0,2.8,0,0,1,0,1,0,1,1,HIVER,LONGUE,0,0,1,0,0,0,0,0,3,2,0,0,0.0,0.0,0.0,0.0,0,0,0.0,0,166.6,0,0.2591616,0.32318398,0.28156942
1092026,R6,C4,BADEN-BADEN,2800,CORDE_GAUCHE,,,,PLAT,9,NEWCOMBE,5,FEMELLES,4,OEILLERES_CLASSIQUE,STALL KOENIGSESCH,DR.ANDREAS BOLTE,MICHAEL CADEDDU,NON,7p5p(25)8p3p,10,0,2,0,2,2100,0,2100,300,1800,0,55.5,GALOP,,1970-01-01 00:00:00.001092026,2800,NEWCOMBE,1,0,0,0.0,0.0,GAZON,FAIBLE,DEFAUT_PROVINCE,GAZON,0,2.8,0,0,1,0,1,0,1,1,HIVER,LONGUE,0,0,1,1,0,0,0,0,3,2,0,0,0.0,0.0,0.0,0.0,0,0,0.0,5,155.39999999999998,0,0.14688295,0.31845233,0.20693223
1092026,R6,C4,BADEN-BADEN,2800,CORDE_GAUCHE,,,,PLAT,8,CAMARQUE,4,FEMELLES,6,SANS_OEILLERES,ROSALINDE RATTENHUBER,JUTTA MAYER,MARTIN SEIDL,NON,5p5p7p7p7p,5,0,0,0,0,250,0,250,250,0,0,57.5,GALOP,,1970-01-01 00:00:00.001092026,2800,CAMARQUE,1,0,0,0.0,0.0,GAZON,FAIBLE,DEFAUT_PROVINCE,GAZON,0,2.8,0,0,1,0,1,0,1,1,HIVER,LONGUE,0,0,1,2,0,0,0,0,3,2,0,0,0.0,0.0,0.0,0.0,0,0,0.0,4,161.0,0,0.08288056,0.2551293,0.14316761
1092026,R6,C5,BADEN-BADEN,1400,CORDE_GAUCHE,,,,PLAT,5,TANGO DANCER,2,MALES,6,SANS_OEILLERES,STALL SCHALKMAEDCHEN,MAXIM PECHEUR,MARTIN SEIDL,NON,2p1p,2,1,1,1,0,10000,6000,4000,10000,0,0,58.0,GALOP,,1970-01-01 00:00:00.001092026,1400,TANGO DANCER,2,1,2,0.5,1.0,GAZON,FAIBLE,DEFAUT_PROVINCE,GAZON,0,1.4,1,0,0,0,1,0,1,1,HIVER,COURTE,0,0,1,2,2,0,0,0,3,0,0,6,0.0,0.5,0.0,1.0,0,0,10000.0,4,81.19999999999999,0,0.702337,0.8349299,0.7487445
1092026,R6,C5,BADEN-BADEN,1400,CORDE_GAUCHE,,,,PLAT,7,WESTERN,2,MALES,2,SANS_OEILLERES,ECKHARD SAUREN,HENK GREWE,THORE HAMMER-HANSEN,NON,1p,1,1,0,0,0,12000,12000,0,12000,0,0,58.0,GALOP,,1970-01-01 00:00:00.001092026,1400,WESTERN,1,1,1,1.0,1.0,GAZON,FAIBLE,DEFAUT_PROVINCE,GAZON,0,1.4,1,0,0,0,1,0,1,1,HIVER,COURTE,0,0,1,2,2,0,0,0,3,0,0,2,0.0,1.0,0.0,1.0,0,0,12000.0,2,81.19999999999999,0,0.58323914,0.8495217,0.676438
1092026,R6,C5,BADEN-BADEN,1400,CORDE_GAUCHE,,,,PLAT,2,BOZOK,2,MALES,7,SANS_OEILLERES,CEMIL DURAN,BOHUMIL NEDOROSTEK,BAUYRZHAN MURZABAYEV,NON,1p,1,1,0,0,0,9000,9000,0,9000,0,0,58.0,GALOP,,1970-01-01 00:00:00.001092026,1400,BOZOK,1,1,1,1.0,1.0,GAZON,FAIBLE,DEFAUT_PROVINCE,GAZON,0,1.4,1,0,0,0,1,0,1,1,HIVER,COURTE,0,0,1,2,2,0,0,0,3,0,0,7,0.0,1.0,0.0,1.0,0,0,9000.0,2,81.19999999999999,0,0.59581935,0.82381654,0.67561835
1092026,R6,C5,BADEN-BADEN,1400,CORDE_GAUCHE,,,,PLAT,4,INDIGO SUN,2,MALES,5,SANS_OEILLERES,RENNSTALL SUN-PLANET,ANDREAS SUBORICS,BENJAMIN MARIE,NON,2p1p4p,3,1,1,1,0,17525,5400,12125,17525,0,0,58.0,GALOP,,1970-01-01 00:00:00.001092026,1400,INDIGO SUN,0,0,0,0.0,0.0,GAZON,FAIBLE,DEFAUT_PROVINCE,GAZON,0,1.4,1,0,0,0,1,0,1,1,HIVER,COURTE,0,0,1,2,2,0,0,0,3,0,0,5,0.0,0.0,0.0,0.0,0,0,0.0,0,81.19999999999999,0,0.585882,0.7278226,0.6355612
1092026,R6,C5,BADEN-BADEN,1400,CORDE_GAUCHE,,,,PLAT,1,BAARBERINI,2,MALES,1,SANS_OEILLERES,GREEN TEAM RACING/ENGLAND,JAMES HORTON,KIERAN SHOEMARK,NON,2p3p,2,0,2,1,1,4516,0,4516,4516,0,0,58.0,GALOP,,1970-01-01 00:00:00.001092026,1400,BAARBERINI,0,0,0,0.0,0.0,GAZON,FAIBLE,DEFAUT_PROVINCE,GAZON,0,1.4,1,0,0,0,1,0,1,1,HIVER,COURTE,0,0,1,2,2,0,0,0,3,0,0,1,0.0,0.0,0.0,0.0,0,0,0.0,0,81.19999999999999,0,0.5705572,0.74465996,0.63149315
1092026,R6,C5,BADEN-BADEN,1400,CORDE_GAUCHE,,,,PLAT,6,TAYLOR MADE,2,MALES,4,SANS_OEILLERES,COMETICA AG,BOHUMIL NEDOROSTEK,WLADIMIR PANOV,NON,3p4p,2,0,1,0,1,6750,0,6750,6750,0,0,58.0,GALOP,,1970-01-01 00:00:00.001092026,1400,TAYLOR MADE,1,0,0,0.0,0.0,GAZON,FAIBLE,DEFAUT_PROVINCE,GAZON,0,1.4,1,0,0,0,1,0,1,1,HIVER,COURTE,0,0,1,2,2,0,0,0,3,0,0,4,0.0,0.0,0.0,0.0,0,0,0.0,2,81.19999999999999,0,0.5719647,0.65937465,0.60255814
1092026,R6,C5,BADEN-BADEN,1400,CORDE_GAUCHE,,,,PLAT,3,GYMBAAZY,2,MALES,3,SANS_OEILLERES,GREEN TEAM RACING/ENGLAND,OWEN BURROWS,DANIEL MUSCUTT,NON,9p1p,2,1,0,0,0,8069,8069,0,8069,0,0,58.0,GALOP,,1970-01-01 00:00:00.001092026,1400,GYMBAAZY,0,0,0,0.0,0.0,GAZON,FAIBLE,DEFAUT_PROVINCE,GAZON,0,1.4,1,0,0,0,1,0,1,1,HIVER,COURTE,0,0,1,2,2,0,0,0,3,0,0,3,0.0,0.0,0.0,0.0,0,0,0.0,0,81.19999999999999,0,0.4327909,0.62254494,0.4992048
1092026,R6,C6,BADEN-BADEN,1400,CORDE_GAUCHE,,,,PLAT,10,DEMAH,3,FEMELLES,3,SANS_OEILLERES,AL SHAQAB RACING/FRANKREICH,FRANCIS-HENRI GRAFFARD/FRANKREIC,CLEMENT LECOEUVRE,NON,1p8p1p,3,2,0,0,0,25150,25150,0,25150,0,0,55.0,GALOP,"3,8",1970-01-01 00:00:00.001092026,1400,DEMAH,3,2,2,0.6666666666666666,0.6666666666666666,GAZON,FAIBLE,DEFAUT_PROVINCE,GAZON,0,1.4,1,0,0,0,1,0,1,1,HIVER,COURTE,0,0,1,2,0,0,0,0,3,0,0,3,0.0,0.6666666666666666,0.0,0.6666666666666666,0,0,16766.666666666664,9,77.0,0,0.5339534,0.70768535,0.5947596
1092026,R6,C6,BADEN-BADEN,1400,CORDE_GAUCHE,,,,PLAT,9,CELESTIAL ROSE,3,FEMELLES,6,SANS_OEILLERES,HELENA BURNS/FRANKREICH,JEROME REYNIER/FRANKREICH,THORE HAMMER-HANSEN,NON,1p3p2p,3,1,2,1,1,14136,7800,6336,14136,0,0,55.0,GALOP,13,1970-01-01 00:00:00.001092026,1400,CELESTIAL ROSE,3,1,3,0.3333333333333333,1.0,GAZON,FAIBLE,DEFAUT_PROVINCE,GAZON,0,1.4,1,0,0,0,1,0,1,1,HIVER,COURTE,0,0,1,2,0,0,0,0,3,0,0,6,0.0,0.3333333333333333,0.0,1.0,0,0,14136.0,9,77.0,0,0.45573306,0.7107191,0.54497814
1092026,R6,C6,BADEN-BADEN,1400,CORDE_GAUCHE,,,,PLAT,3,ATLANTIC WAYS,5,FEMELLES,2,SANS_OEILLERES,PEACH MOUNTAIN RACING,MATTHIAS KELLER,MARTIN SEIDL,NON,6p2p4p2p7p,26,2,10,7,3,101835,16300,85535,20487,11688,0,57.0,GALOP,13,1970-01-01 00:00:00.001092026,1400,ATLANTIC WAYS,12,1,5,0.08333333333333333,0.4166666666666667,GAZON,FAIBLE,DEFAUT_PROVINCE,GAZON,0,1.4,1,0,0,0,1,0,1,1,HIVER,COURTE,0,0,1,2,0,0,0,0,3,0,0,2,0.0,0.08333333333333333,0.0,0.4166666666666667,0,0,8536.25,60,79.8,0,0.36418223,0.7424248,0.49656713
1092026,R6,C6,BADEN-BADEN,1400,CORDE_GAUCHE,,,,PLAT,2,ASHERAH,4,FEMELLES,1,SANS_OEILLERES,ERIKA GILLIAR/FRANKREICH,JEROME REYNIER/FRANKREICH,DANIEL MUSCUTT,NON,4p(25)3p0p1p,8,2,2,1,1,35472,21550,13922,2250,33222,0,57.0,GALOP,13,1970-01-01 00:00:00.001092026,1400,ASHERAH,4,1,2,0.25,0.5,GAZON,FAIBLE,DEFAUT_PROVINCE,GAZON,0,1.4,1,0,0,0,1,0,1,1,HIVER,COURTE,0,0,1,2,0,0,0,0,3,0,0,1,0.0,0.25,0.0,0.5,0,0,1125.0,16,79.8,0,0.40607044,0.6404647,0.48810846
1092026,R6,C6,BADEN-BADEN,1400,CORDE_GAUCHE,,,,PLAT,11,FLOWER CELEBRATION,3,FEMELLES,4,SANS_OEILLERES,HIROO SHIMIZU U.ITOYA TAKANO/FRA,HIROO SHIMIZU/FRANKREICH,BENJAMIN MARIE,NON,5p1p8p3p6p,7,1,2,1,1,20946,13450,7496,16591,4355,0,55.0,GALOP,13,1970-01-01 00:00:00.001092026,1400,FLOWER CELEBRATION,6,1,1,0.16666666666666666,0.16666666666666666,GAZON,FAIBLE,DEFAUT_PROVINCE,GAZON,0,1.4,1,0,0,0,1,0,1,1,HIVER,COURTE,0,0,1,2,0,0,0,0,3,0,0,4,0.0,0.16666666666666666,0.0,0.16666666666666666,0,0,2765.1666666666665,18,77.0,0,0.39996132,0.6156682,0.47545868
1092026,R6,C6,BADEN-BADEN,1400,CORDE_GAUCHE,,,,PLAT,5,QUEEN'S REIGN,5,FEMELLES,8,OEILLERES_AUSTRALIENNES,DAVID WARD/ENGLAND,ED WALKER,KIERAN SHOEMARK,NON,6p(25)2p3p0p,11,0,5,4,1,36525,0,36525,0,27709,0,57.0,GALOP,13,1970-01-01 00:00:00.001092026,1400,QUEEN'S REIGN,3,0,1,0.0,0.3333333333333333,GAZON,FAIBLE,DEFAUT_PROVINCE,GAZON,0,1.4,1,0,0,0,1,0,1,1,HIVER,COURTE,0,0,1,0,0,0,0,0,3,0,0,8,0.0,0.0,0.0,0.3333333333333333,0,0,0.0,15,79.8,0,0.41492727,0.4663048,0.43290943
1092026,R6,C6,BADEN-BADEN,1400,CORDE_GAUCHE,,,,PLAT,1,BINT NEW BAY,4,FEMELLES,9,SANS_OEILLERES,STALL PLAVAC SP.Z.O.O./POLEN,SALIH PLAVAC,PER-ANDERS GRABERG,NON,1p1p1p1p(25),7,4,2,1,1,41844,40393,1451,40393,1451,0,58.0,GALOP,13,1970-01-01 00:00:00.001092026,1400,BINT NEW BAY,1,1,1,1.0,1.0,GAZON,FAIBLE,DEFAUT_PROVINCE,GAZON,0,1.4,1,0,0,0,1,0,1,1,HIVER,COURTE,0,0,1,2,0,0,0,0,3,0,0,9,0.0,1.0,0.0,1.0,0,0,40393.0,4,81.19999999999999,0,0.27958167,0.7010788,0.42710567
1092026,R6,C6,BADEN-BADEN,1400,CORDE_GAUCHE,,,,PLAT,12,LADY LIVA,3,FEMELLES,5,SANS_OEILLERES,WESTMINSTER STUD GMBH,ANDREAS WOEHLER,EDUARDO PEDROZA,NON,5p2p6p(25)1p,8,2,3,3,0,17411,5490,11921,6635,10776,0,55.0,GALOP,13,1970-01-01 00:00:00.001092026,1400,LADY LIVA,1,0,0,0.0,0.0,GAZON,FAIBLE,DEFAUT_PROVINCE,GAZON,0,1.4,1,0,0,0,1,0,1,1,HIVER,COURTE,0,0,1,2,0,0,0,0,3,0,0,5,0.0,0.0,0.0,0.0,0,0,0.0,3,77.0,0,0.32310224,0.5713799,0.4099994
1092026,R6,C6,BADEN-BADEN,1400,CORDE_GAUCHE,,,,PLAT,7,THE SHADOW,4,FEMELLES,10,SANS_OEILLERES,CHR.WINGTANS/FRANKREICH,NICOLAS CAULLERY/FRANKREICH,LEON WOLFF,NON,1p2p2p2p1p,14,3,9,8,1,101000,44300,56700,71153,29847,0,57.0,GALOP,13,1970-01-01 00:00:00.001092026,1400,THE SHADOW,11,2,8,0.18181818181818182,0.7272727272727273,GAZON,FAIBLE,DEFAUT_PROVINCE,GAZON,0,1.4,1,0,0,0,1,0,1,1,HIVER,COURTE,0,0,1,2,0,0,0,0,3,0,0,10,0.0,0.18181818181818182,0.0,0.7272727272727273,0,0,51747.63636363637,44,79.8,0,0.29809454,0.5091537,0.37196523
1092026,R6,C6,BADEN-BADEN,1400,CORDE_GAUCHE,,,,PLAT,4,NEEDLE DROP,4,FEMELLES,11,OEILLERES_AUSTRALIENNES,STALL SEVENTYONE,ROLAND DZUBASZ,BAUYRZHAN MURZABAYEV,NON,3p1p3p3p3p,13,4,5,1,4,36125,25000,11125,23725,12400,0,57.0,GALOP,13,1970-01-01 00:00:00.001092026,1400,NEEDLE DROP,3,1,3,0.3333333333333333,1.0,GAZON,FAIBLE,DEFAUT_PROVINCE,GAZON,0,1.4,1,0,0,0,1,0,1,1,HIVER,COURTE,0,0,1,0,0,0,0,0,3,0,0,11,0.0,0.3333333333333333,0.0,1.0,0,0,23725.0,12,79.8,0,0.2727039,0.45872006,0.33780956
1092026,R6,C6,BADEN-BADEN,1400,CORDE_GAUCHE,,,,PLAT,6,SEA EMILY RUN,4,FEMELLES,7,SANS_OEILLERES,GESTUET BRUEMMERHOF,ALICIA BAUM,PATRICK GIBSON,NON,1p(25)9p0p1p,9,3,0,0,0,28039,23423,4616,4800,9711,0,57.0,GALOP,13,1970-01-01 00:00:00.001092026,1400,SEA EMILY RUN,1,0,0,0.0,0.0,GAZON,FAIBLE,DEFAUT_PROVINCE,GAZON,0,1.4,1,0,0,0,1,0,1,1,HIVER,COURTE,0,0,1,2,0,0,0,0,3,0,0,7,0.0,0.0,0.0,0.0,0,0,0.0,4,79.8,0,0.22738196,0.497296,0.32185185
1092026,R6,C6,BADEN-BADEN,1400,CORDE_GAUCHE,,,,PLAT,13,TACITA,3,FEMELLES,12,SANS_OEILLERES,RENNSTALL GESTUET HACHTSEE,SARAH STEINBERG,RENE PIECHULEK,NON,1p(25)1p5p,3,2,0,0,0,10800,10800,0,4800,6000,0,55.0,GALOP,13,1970-01-01 00:00:00.001092026,1400,TACITA,1,0,0,0.0,0.0,GAZON,FAIBLE,DEFAUT_PROVINCE,GAZON,0,1.4,1,0,0,0,1,0,1,1,HIVER,COURTE,0,0,1,2,0,0,0,0,3,0,0,12,0.0,0.0,0.0,0.0,0,0,0.0,3,77.0,0,0.22794922,0.4348086,0.30035
1092026,R6,C6,BADEN-BADEN,1400,CORDE_GAUCHE,,,,PLAT,8,ARBOREA,3,FEMELLES,13,SANS_OEILLERES,GESTUET BRUEMMERHOF,ALICIA BAUM,WLADIMIR PANOV,NON,7p9p4p1p,4,1,0,0,0,14000,6000,8000,14000,0,0,55.0,GALOP,13,1970-01-01 00:00:00.001092026,1400,ARBOREA,3,0,0,0.0,0.0,GAZON,FAIBLE,DEFAUT_PROVINCE,GAZON,0,1.4,1,0,0,0,1,0,1,1,HIVER,COURTE,0,0,1,2,0,0,0,0,3,0,0,13,0.0,0.0,0.0,0.0,0,0,0.0,9,77.0,0,0.170453,0.2922812,0.21309286
1092026,R6,C7,BADEN-BADEN,1600,CORDE_GAUCHE,,,,PLAT,8,AGE OF AQUARIUS,3,HONGRES,5,SANS_OEILLERES,STALL FRIENDS OF AQUARIUS,PAVEL VOVCENKO,DAVID LISKA,NON,4p2p7p8p6p,5,0,1,1,0,3125,0,3125,3125,0,0,57.5,GALOP,10,1970-01-01 00:00:00.001092026,1600,AGE OF AQUARIUS,2,0,0,0.0,0.0,GAZON,FAIBLE,DEFAUT_PROVINCE,GAZON,0,1.6,0,1,0,0,1,0,1,1,HIVER,COURTE,0,0,1,2,1,0,0,0,3,0,0,0,0.0,0.0,0.0,0.0,0,1,0.0,6,92.0,0,0.36951682,0.65863544,0.4707083
1092026,R6,C7,BADEN-BADEN,1600,CORDE_GAUCHE,,,,PLAT,10,POET'S REALM,7,HONGRES,7,SANS_OEILLERES,SILKE BRUEGGEMANN,SILKE BRUEGGEMANN,EDUARDO PEDROZA,NON,0p5p1p8pRp,43,4,9,4,5,28537,12600,15937,5150,4300,0,56.5,GALOP,10,1970-01-01 00:00:00.001092026,1600,POET'S REALM,3,0,0,0.0,0.0,GAZON,FAIBLE,DEFAUT_PROVINCE,GAZON,0,1.6,0,1,0,0,1,0,1,1,HIVER,COURTE,0,0,1,2,1,0,0,0,3,0,0,0,0.0,0.0,0.0,0.0,0,1,0.0,21,90.4,0,0.3988047,0.55930316,0.45497915
1092026,R6,C7,BADEN-BADEN,1600,CORDE_GAUCHE,,,,PLAT,4,QUEMOONA,3,FEMELLES,6,OEILLERES_AUSTRALIENNES,GESTUET GOERLSDORF,MANFRED WEBER,MARTIN SEIDL,NON,2p4p(25)6p,3,0,1,1,0,2350,0,2350,2350,0,0,61.0,GALOP,10,1970-01-01 00:00:00.001092026,1600,QUEMOONA,1,0,0,0.0,0.0,GAZON,FAIBLE,DEFAUT_PROVINCE,GAZON,0,1.6,0,1,0,0,1,0,1,1,HIVER,COURTE,0,0,1,0,0,0,0,0,3,0,0,0,0.0,0.0,0.0,0.0,0,1,0.0,3,97.60000000000001,0,0.3885413,0.5003366,0.42766964
1092026,R6,C7,BADEN-BADEN,1600,CORDE_GAUCHE,,,,PLAT,5,ALONIA,3,FEMELLES,9,SANS_OEILLERES,STALL GATTOPARDO,SASCHA SMRCZEK,BAUYRZHAN MURZABAYEV,NON,7p3p0p4p(25),6,0,1,0,1,7000,0,7000,3000,4000,0,60.5,GALOP,10,1970-01-01 00:00:00.001092026,1600,ALONIA,1,0,0,0.0,0.0,GAZON,FAIBLE,DEFAUT_PROVINCE,GAZON,0,1.6,0,1,0,0,1,0,1,1,HIVER,COURTE,0,0,1,2,0,0,0,0,3,0,0,0,0.0,0.0,0.0,0.0,0,1,0.0,3,96.80000000000001,0,0.3727116,0.46024436,0.40334803
1092026,R6,C7,BADEN-BADEN,1600,CORDE_GAUCHE,,,,PLAT,12,RIVERA QUEEN,3,FEMELLES,2,SANS_OEILLERES,STALL DOMINIQUE,CHRISTIAN VON DER RECKE,ENZO CRUBLET,NON,7p4p2p7p4p,8,0,2,1,1,3488,0,3488,2266,1222,0,56.0,GALOP,10,1970-01-01 00:00:00.001092026,1600,RIVERA QUEEN,2,0,0,0.0,0.0,GAZON,FAIBLE,DEFAUT_PROVINCE,GAZON,0,1.6,0,1,0,0,1,0,1,1,HIVER,COURTE,0,0,1,2,0,0,0,0,3,0,0,0,0.0,0.0,0.0,0.0,0,1,0.0,6,89.60000000000001,0,0.28089622,0.5771765,0.38459432
1092026,R6,C7,BADEN-BADEN,1600,CORDE_GAUCHE,,,,PLAT,7,LAMARA,4,FEMELLES,10,OEILLERES_CLASSIQUE,GESTUET HAUS HAHN,HANS BLUME,BENJAMIN MARIE,NON,7p1p4p7p0p,11,1,1,0,1,6100,3500,2600,4600,1500,0,59.0,GALOP,10,1970-01-01 00:00:00.001092026,1600,LAMARA,5,0,0,0.0,0.0,GAZON,FAIBLE,DEFAUT_PROVINCE,GAZON,0,1.6,0,1,0,0,1,0,1,1,HIVER,COURTE,0,0,1,1,0,0,0,0,3,0,0,0,0.0,0.0,0.0,0.0,0,1,0.0,20,94.4,0,0.3389552,0.4317593,0.3714366
1092026,R6,C7,BADEN-BADEN,1600,CORDE_GAUCHE,,,,PLAT,11,MAIDSTONE,6,FEMELLES,4,SANS_OEILLERES,ROBIN WEBER,YASMIN ALMENRAEDER,MIGUEL LOPEZ,NON,8p0p1p5p1p,51,4,7,2,5,25810,15750,10060,10750,6325,0,56.0,GALOP,10,1970-01-01 00:00:00.001092026,1600,MAIDSTONE,2,0,0,0.0,0.0,GAZON,FAIBLE,DEFAUT_PROVINCE,GAZON,0,1.6,0,1,0,0,1,0,1,1,HIVER,COURTE,0,0,1,2,0,0,0,0,3,0,0,0,0.0,0.0,0.0,0.0,0,1,0.0,12,89.60000000000001,0,0.28269088,0.47417355,0.3497098
1092026,R6,C7,BADEN-BADEN,1600,CORDE_GAUCHE,,,,PLAT,9,BUCKLEUPBUTTERCUP,4,FEMELLES,12,SANS_OEILLERES,STALL KIDS CLUB,JOHN DAVID HILLIS,RENE PIECHULEK,NON,2p1p3p6p6p,6,1,2,1,1,6450,3000,3450,6450,0,0,57.0,GALOP,10,1970-01-01 00:00:00.001092026,1600,BUCKLEUPBUTTERCUP,1,0,0,0.0,0.0,GAZON,FAIBLE,DEFAUT_PROVINCE,GAZON,0,1.6,0,1,0,0,1,0,1,1,HIVER,COURTE,0,0,1,2,0,0,0,0,3,0,0,0,0.0,0.0,0.0,0.0,0,1,0.0,4,91.2,0,0.27463055,0.4301808,0.32907313
1092026,R6,C7,BADEN-BADEN,1600,CORDE_GAUCHE,,,,PLAT,2,AERION,10,HONGRES,1,SANS_OEILLERES,STALL HERNSTEIN,GERALD GEISLER,AM.KEVIN BRAYE,NON,4p3p(25)8p1p,65,6,15,6,9,100949,29270,71679,1750,5500,0,63.0,GALOP,10,1970-01-01 00:00:00.001092026,1600,AERION,1,0,0,0.0,0.0,GAZON,FAIBLE,DEFAUT_PROVINCE,GAZON,0,1.6,0,1,0,0,1,0,1,1,HIVER,COURTE,0,0,1,2,1,0,0,0,3,0,0,0,0.0,0.0,0.0,0.0,0,1,0.0,10,100.80000000000001,0,0.22905935,0.47434288,0.31490856
1092026,R6,C7,BADEN-BADEN,1600,CORDE_GAUCHE,,,,PLAT,3,CLEOPATRA AL GUNAY,5,FEMELLES,8,SANS_OEILLERES,MNM GMBH,WERNER HAUSTEIN,ANDREA RICUPA,NON,9p0p(25)0pAp,8,1,1,1,0,5183,1491,3692,0,3600,0,61.0,GALOP,10,1970-01-01 00:00:00.001092026,1600,CLEOPATRA AL GUNAY,4,0,0,0.0,0.0,GAZON,FAIBLE,DEFAUT_PROVINCE,GAZON,0,1.6,0,1,0,0,1,0,1,1,HIVER,COURTE,0,0,1,2,0,0,0,0,3,0,0,0,0.0,0.0,0.0,0.0,0,1,0.0,20,97.60000000000001,0,0.26171714,0.32017282,0.2821766
1092026,R6,C7,BADEN-BADEN,1600,CORDE_GAUCHE,,,,PLAT,6,NOBLE RED,3,FEMELLES,3,SANS_OEILLERES,OLIVER KARL RUDOLPH,OLIVER KARL RUDOLPH,MARIAN BETL,NON,5p7p0p(25)7p,7,0,0,0,0,1161,0,1161,350,811,0,55.0,GALOP,10,1970-01-01 00:00:00.001092026,1600,NOBLE RED,5,0,0,0.0,0.0,GAZON,FAIBLE,DEFAUT_PROVINCE,GAZON,0,1.6,0,1,0,0,1,0,1,1,HIVER,COURTE,0,0,1,2,0,0,0,0,3,0,0,0,0.0,0.0,0.0,0.0,0,1,0.0,15,88.0,0,0.14597061,0.30957532,0.20323226
1092026,R6,C7,BADEN-BADEN,1600,CORDE_GAUCHE,,,,PLAT,1,EL FARAS,10,HONGRES,11,SANS_OEILLERES,ADELRESORT,ADEL MASSAAD,ALEXANDER PIETSCH,NON,8p(25)1p1p8p,45,4,6,1,5,25277,13700,11577,0,9300,0,65.0,GALOP,10,1970-01-01 00:00:00.001092026,1600,EL FARAS,0,0,0,0.0,0.0,GAZON,FAIBLE,DEFAUT_PROVINCE,GAZON,0,1.6,0,1,0,0,1,0,1,1,HIVER,COURTE,0,0,1,2,1,0,0,0,3,0,0,0,0.0,0.0,0.0,0.0,0,1,0.0,0,104.0,0,0.12997152,0.31739014,0.19556803
1092026,R6,C8,BADEN-BADEN,1400,CORDE_GAUCHE,,,,PLAT,7,GOLDEN TIME,5,HONGRES,6,SANS_OEILLERES,ANDREA D.MAYER,JUTTA MAYER,PATRICK GIBSON,NON,2p3p1p6p4p,12,1,2,1,1,6800,2750,4050,6800,0,0,58.0,GALOP,11,1970-01-01 00:00:00.001092026,1400,GOLDEN TIME,2,1,2,0.5,1.0,GAZON,FAIBLE,DEFAUT_PROVINCE,GAZON,0,1.4,1,0,0,0,1,0,1,1,HIVER,COURTE,0,0,1,2,1,0,0,0,3,0,0,6,0.0,0.5,0.0,1.0,0,0,6800.0,10,81.19999999999999,0,0.5137297,0.77695686,0.60585916
1092026,R6,C8,BADEN-BADEN,1400,CORDE_GAUCHE,,,,PLAT,3,RAMBAZAMBA,5,FEMELLES,1,SANS_OEILLERES,LUUK J.V.D.BOSCH/NIEDERLANDE,LUUK J.V.D.BOSCH/NIEDERLANDE,AM.MATTHEW S.JOHNSON,NON,7p5p5p5p6p,20,3,6,3,3,15375,7500,7875,10225,5150,0,60.0,GALOP,11,1970-01-01 00:00:00.001092026,1400,RAMBAZAMBA,9,2,6,0.2222222222222222,0.6666666666666666,GAZON,FAIBLE,DEFAUT_PROVINCE,GAZON,0,1.4,1,0,0,0,1,0,1,1,HIVER,COURTE,0,0,1,2,0,0,0,0,3,0,0,1,0.0,0.2222222222222222,0.0,0.6666666666666666,0,0,6816.666666666666,45,84.0,0,0.41143304,0.8202297,0.5545119
1092026,R6,C8,BADEN-BADEN,1400,CORDE_GAUCHE,,,,PLAT,1,DJARIYA,7,FEMELLES,4,SANS_OEILLERES,JEANETTE SPRATTER U.A.,JOHN DAVID HILLIS,AM.JOSE PEDRO MARTINS GONCALVES,NON,1p0p1p2p1p,33,6,3,1,2,31050,22250,8800,13050,7750,0,66.0,GALOP,11,1970-01-01 00:00:00.001092026,1400,DJARIYA,2,1,1,0.5,0.5,GAZON,FAIBLE,DEFAUT_PROVINCE,GAZON,0,1.4,1,0,0,0,1,0,1,1,HIVER,COURTE,0,0,1,2,0,0,0,0,3,0,0,4,0.0,0.5,0.0,0.5,0,0,6525.0,14,92.39999999999999,0,0.38340932,0.7745134,0.52029574
1092026,R6,C8,BADEN-BADEN,1400,CORDE_GAUCHE,,,,PLAT,6,FUMAGALLI,6,HONGRES,3,OEILLERES_AUSTRALIENNES,J.NUSSBAUM-DEY U.A./NIEDERLANDE,CHRISTIAN WOLTERS/NIEDERLANDE,ENZO CRUBLET,NON,1p6p3p8p2p,33,2,7,2,5,20250,5000,15250,9200,7050,0,58.0,GALOP,11,1970-01-01 00:00:00.001092026,1400,FUMAGALLI,2,0,0,0.0,0.0,GAZON,FAIBLE,DEFAUT_PROVINCE,GAZON,0,1.4,1,0,0,0,1,0,1,1,HIVER,COURTE,0,0,1,0,1,0,0,0,3,0,0,3,0.0,0.0,0.0,0.0,0,0,0.0,12,81.19999999999999,0,0.40186295,0.5850986,0.46599543
1092026,R6,C8,BADEN-BADEN,1400,CORDE_GAUCHE,,,,PLAT,5,BOCCA DI LUPO,4,HONGRES,2,OEILLERES_AUSTRALIENNES,STALL HERNSTEIN,GERALD GEISLER,RENE PIECHULEK,NON,4p4p4p5p(25),7,0,0,0,0,2500,0,2500,1750,750,0,58.0,GALOP,11,1970-01-01 00:00:00.001092026,1400,BOCCA DI LUPO,0,0,0,0.0,0.0,GAZON,FAIBLE,DEFAUT_PROVINCE,GAZON,0,1.4,1,0,0,0,1,0,1,1,HIVER,COURTE,0,0,1,0,1,0,0,0,3,0,0,2,0.0,0.0,0.0,0.0,0,0,0.0,0,81.19999999999999,0,0.38592488,0.42640644,0.4000934
1092026,R6,C8,BADEN-BADEN,1400,CORDE_GAUCHE,,,,PLAT,10,ANIMAL MAGNETISM,6,HONGRES,8,SANS_OEILLERES,SEBASTIAN WENZ,SEBASTIAN WENZ,MIGUEL LOPEZ,NON,6p3p4p3p0p,46,1,7,2,5,12725,2000,10725,7200,3200,0,54.0,GALOP,11,1970-01-01 00:00:00.001092026,1400,ANIMAL MAGNETISM,7,1,3,0.14285714285714285,0.42857142857142855,GAZON,FAIBLE,DEFAUT_PROVINCE,GAZON,0,1.4,1,0,0,0,1,0,1,1,HIVER,COURTE,0,0,1,2,1,0,0,0,3,0,0,8,0.0,0.14285714285714285,0.0,0.42857142857142855,0,0,3085.7142857142853,42,75.6,0,0.31150475,0.502791,0.37845492
1092026,R6,C8,BADEN-BADEN,1400,CORDE_GAUCHE,,,,PLAT,4,REPUTE,8,HONGRES,11,SANS_OEILLERES,STALL ROYAL BLUE,FRANK FUHRMANN,BAUYRZHAN MURZABAYEV,NON,1p5p4p7p2p,67,7,14,6,8,61838,25088,36750,12100,22870,0,63.0,GALOP,11,1970-01-01 00:00:00.001092026,1400,REPUTE,5,0,1,0.0,0.2,GAZON,FAIBLE,DEFAUT_PROVINCE,GAZON,0,1.4,1,0,0,0,1,0,1,1,HIVER,COURTE,0,0,1,2,1,0,0,0,3,0,0,11,0.0,0.0,0.0,0.2,0,0,2420.0,40,88.19999999999999,0,0.35696155,0.4006982,0.3722694
1092026,R6,C8,BADEN-BADEN,1400,CORDE_GAUCHE,,,,PLAT,8,ORTHOS,9,HONGRES,5,OEILLERES_CLASSIQUE,BERNHARD BRUEGGEMANN,SILKE BRUEGGEMANN,LEON WOLFF,NON,3p7p1p0p4p,68,8,13,7,6,46928,26499,20429,5700,9400,0,58.0,GALOP,11,1970-01-01 00:00:00.001092026,1400,ORTHOS,3,0,1,0.0,0.3333333333333333,GAZON,FAIBLE,DEFAUT_PROVINCE,GAZON,0,1.4,1,0,0,0,1,0,1,1,HIVER,COURTE,0,0,1,1,1,0,0,0,3,0,0,5,0.0,0.0,0.0,0.3333333333333333,0,0,1900.0,27,81.19999999999999,0,0.2362822,0.5321416,0.339833
1092026,R6,C8,BADEN-BADEN,1400,CORDE_GAUCHE,,,,PLAT,2,SON GUAL,6,HONGRES,12,SANS_OEILLERES,STALL IMPET,GERALD GEISLER,AM.JULIAN SIXT,NON,3p2p3p5p3p,33,3,13,4,9,28605,9000,19605,4500,11700,0,63.5,GALOP,11,1970-01-01 00:00:00.001092026,1400,SON GUAL,1,0,0,0.0,0.0,GAZON,FAIBLE,DEFAUT_PROVINCE,GAZON,0,1.4,1,0,0,0,1,0,1,1,HIVER,COURTE,0,0,1,2,1,0,0,0,3,0,0,12,0.0,0.0,0.0,0.0,0,0,0.0,6,88.89999999999999,0,0.27726865,0.38785517,0.31597394
1092026,R6,C8,BADEN-BADEN,1400,CORDE_GAUCHE,,,,PLAT,11,DIAMOND GOLD,10,HONGRES,7,SANS_OEILLERES,SEBASTIAN WENZ,SEBASTIAN WENZ,MICHAEL CADEDDU,NON,2p4p7p6p0p,64,7,13,6,7,37535,16750,20785,1700,11100,0,54.0,GALOP,11,1970-01-01 00:00:00.001092026,1400,DIAMOND GOLD,0,0,0,0.0,0.0,GAZON,FAIBLE,DEFAUT_PROVINCE,GAZON,0,1.4,1,0,0,0,1,0,1,1,HIVER,COURTE,0,0,1,2,1,0,0,0,3,0,0,7,0.0,0.0,0.0,0.0,0,0,0.0,0,75.6,0,0.20544353,0.3337048,0.25033498
1092026,R6,C8,BADEN-BADEN,1400,CORDE_GAUCHE,,,,PLAT,9,OASIS DIAMOND,5,MALES,9,OEILLERES_CLASSIQUE,HJ RACING TEAM,GORDAN BATISTIC,THORE HAMMER-HANSEN,NON,2p(25)7p5p7p,13,0,2,1,1,795,0,795,442,353,0,55.0,GALOP,11,1970-01-01 00:00:00.001092026,1400,OASIS DIAMOND,0,0,0,0.0,0.0,GAZON,FAIBLE,DEFAUT_PROVINCE,GAZON,0,1.4,1,0,0,0,1,0,1,1,HIVER,COURTE,0,0,1,1,2,0,0,0,3,0,0,9,0.0,0.0,0.0,0.0,0,0,0.0,0,77.0,0,0.1971713,0.26588294,0.22122037
1092026,R6,C8,BADEN-BADEN,1400,CORDE_GAUCHE,,,,PLAT,13,WITH ANNIE LUCK,5,FEMELLES,10,SANS_OEILLERES,STALL HIBISKUS,FRANK FUHRMANN,MICHAL ABIK,NON,4p7p6p4p0p,43,2,5,2,3,17015,6750,10265,5125,10525,0,54.0,GALOP,11,1970-01-01 00:00:00.001092026,1400,WITH ANNIE LUCK,4,0,0,0.0,0.0,GAZON,FAIBLE,DEFAUT_PROVINCE,GAZON,0,1.4,1,0,0,0,1,0,1,1,HIVER,COURTE,0,0,1,2,0,0,0,0,3,0,0,10,0.0,0.0,0.0,0.0,0,0,0.0,20,75.6,0,0.13733198,0.3167392,0.2001245
1092026,R6,C8,BADEN-BADEN,1400,CORDE_GAUCHE,,,,PLAT,12,WE GET BY,8,HONGRES,13,SANS_OEILLERES,STEFAN SCHOENDORF,STEFAN SCHOENDORF,ALEXANDER PIETSCH,NON,5p5p0p6p0p,48,3,9,5,4,33438,6950,26488,500,1100,0,54.0,GALOP,11,1970-01-01 00:00:00.001092026,1400,WE GET BY,0,0,0,0.0,0.0,GAZON,FAIBLE,DEFAUT_PROVINCE,GAZON,0,1.4,1,0,0,0,1,0,1,1,HIVER,COURTE,0,0,1,2,1,0,0,0,3,0,0,13,0.0,0.0,0.0,0.0,0,0,0.0,0,75.6,0,0.047321666,0.15009885,0.08329368
1092026,R6,C9,BADEN-BADEN,2200,CORDE_GAUCHE,,,,PLAT,5,THARPE,5,HONGRES,9,SANS_OEILLERES,CHARLOTTE ROTHENBURG,CONNY WHITFIELD,BENJAMIN MARIE,NON,9p5p2p4p2p,26,2,5,4,1,48543,17500,31043,13157,2186,0,57.5,GALOP,"8,5",1970-01-01 00:00:00.001092026,2200,THARPE,14,0,2,0.0,0.14285714285714285,GAZON,FAIBLE,DEFAUT_PROVINCE,GAZON,0,2.2,0,0,1,0,1,0,1,1,HIVER,INTERMEDIAIRE,0,0,1,2,1,0,0,0,3,1,0,0,0.0,0.0,0.0,0.14285714285714285,0,0,1879.5714285714284,70,126.50000000000001,0,0.4355331,0.6794136,0.5208913
1092026,R6,C9,BADEN-BADEN,2200,CORDE_GAUCHE,,,,PLAT,2,WAHRSAGER,5,HONGRES,6,OEILLERES_CLASSIQUE,GESTUET HAUS HAHN,HANS BLUME,PATRICK GIBSON,NON,0p9p3p6p2p,16,3,7,3,4,20175,9500,10675,4700,10200,0,59.5,GALOP,"8,5",1970-01-01 00:00:00.001092026,2200,WAHRSAGER,7,2,4,0.2857142857142857,0.5714285714285714,GAZON,FAIBLE,DEFAUT_PROVINCE,GAZON,0,2.2,0,0,1,0,1,0,1,1,HIVER,INTERMEDIAIRE,0,0,1,1,1,0,0,0,3,1,0,0,0.0,0.2857142857142857,0.0,0.5714285714285714,0,0,2685.714285714286,35,130.9,0,0.3785078,0.7456297,0.50700045
1092026,R6,C9,BADEN-BADEN,2200,CORDE_GAUCHE,,,,PLAT,10,COLETTA,4,FEMELLES,4,SANS_OEILLERES,AXEL MEIER,GERALD GEISLER,BERTRAND FLANDRIN,NON,6p4p9p6p1p,12,1,3,2,1,9500,3600,5900,4300,5200,0,54.5,GALOP,"8,5",1970-01-01 00:00:00.001092026,2200,COLETTA,3,1,1,0.3333333333333333,0.3333333333333333,GAZON,FAIBLE,DEFAUT_PROVINCE,GAZON,0,2.2,0,0,1,0,1,0,1,1,HIVER,INTERMEDIAIRE,0,0,1,2,0,0,0,0,3,1,0,0,0.0,0.3333333333333333,0.0,0.3333333333333333,0,0,1433.3333333333333,12,119.9,0,0.3853817,0.6904205,0.49214524
1092026,R6,C9,BADEN-BADEN,2200,CORDE_GAUCHE,,,,PLAT,7,SALENTA,3,FEMELLES,5,OEILLERES_AUSTRALIENNES,GESTUET ITTLINGEN,WALDEMAR HICKST,ENZO CRUBLET,NON,6p4p2p3p(25),5,0,2,1,1,4375,0,4375,4375,0,0,57.0,GALOP,"8,5",1970-01-01 00:00:00.001092026,2200,SALENTA,4,0,1,0.0,0.25,GAZON,FAIBLE,DEFAUT_PROVINCE,GAZON,0,2.2,0,0,1,0,1,0,1,1,HIVER,INTERMEDIAIRE,0,0,1,0,0,0,0,0,3,1,0,0,0.0,0.0,0.0,0.25,0,0,1093.75,12,125.4,0,0.39813718,0.6407945,0.4830672
1092026,R6,C9,BADEN-BADEN,2200,CORDE_GAUCHE,,,,PLAT,4,FLYING SONYA,6,FEMELLES,1,SANS_OEILLERES,STALL FLYING DREAMS,WALDEMAR HICKST,THORE HAMMER-HANSEN,NON,8p8p7p2p(25),21,3,7,4,3,25025,14900,10125,1600,13500,0,57.5,GALOP,"8,5",1970-01-01 00:00:00.001092026,2200,FLYING SONYA,2,0,0,0.0,0.0,GAZON,FAIBLE,DEFAUT_PROVINCE,GAZON,0,2.2,0,0,1,0,1,0,1,1,HIVER,INTERMEDIAIRE,0,0,1,2,0,0,0,0,3,1,0,0,0.0,0.0,0.0,0.0,0,0,0.0,12,126.50000000000001,0,0.3899546,0.58942515,0.45976928
1092026,R6,C9,BADEN-BADEN,2200,CORDE_GAUCHE,,,,PLAT,3,ADINA,4,FEMELLES,8,SANS_OEILLERES,STALL MAJA,YASMIN ALMENRAEDER,MIGUEL LOPEZ,NON,6p5p0p5p(25),12,1,3,1,2,12675,4800,7875,1000,11675,0,57.5,GALOP,"8,5",1970-01-01 00:00:00.001092026,2200,ADINA,3,0,1,0.0,0.3333333333333333,GAZON,FAIBLE,DEFAUT_PROVINCE,GAZON,0,2.2,0,0,1,0,1,0,1,1,HIVER,INTERMEDIAIRE,0,0,1,2,0,0,0,0,3,1,0,0,0.0,0.0,0.0,0.3333333333333333,0,0,333.3333333333333,12,126.50000000000001,0,0.3308707,0.57362473,0.4158346
1092026,R6,C9,BADEN-BADEN,2200,CORDE_GAUCHE,,,,PLAT,6,THEO,11,MALES,3,SANS_OEILLERES,ADELRESORT,ADEL MASSAAD,ALEXANDER PIETSCH,NON,8p1p0p2p9p,42,5,10,6,4,43400,12500,30900,4000,0,0,57.5,GALOP,"8,5",1970-01-01 00:00:00.001092026,2200,THEO,2,1,1,0.5,0.5,GAZON,FAIBLE,DEFAUT_PROVINCE,GAZON,0,2.2,0,0,1,0,1,0,1,1,HIVER,INTERMEDIAIRE,0,0,1,2,2,0,0,0,3,1,0,0,0.0,0.5,0.0,0.5,0,0,2000.0,22,126.50000000000001,0,0.2568839,0.5681632,0.36583164
1092026,R6,C9,BADEN-BADEN,2200,CORDE_GAUCHE,,,,PLAT,8,ELECTRIC ROSE,3,FEMELLES,7,SANS_OEILLERES,WERNER NEU,AXEL KLEINKORRES,LILLI-MARIE ENGELS,NON,6p3p8p8p,4,0,1,0,1,1250,0,1250,1250,0,0,56.5,GALOP,"8,5",1970-01-01 00:00:00.001092026,2200,ELECTRIC ROSE,3,0,1,0.0,0.3333333333333333,GAZON,FAIBLE,DEFAUT_PROVINCE,GAZON,0,2.2,0,0,1,0,1,0,1,1,HIVER,INTERMEDIAIRE,0,0,1,2,0,0,0,0,3,1,0,0,0.0,0.0,0.0,0.3333333333333333,0,0,416.66666666666663,9,124.30000000000001,0,0.26287332,0.53458685,0.35797304
1092026,R6,C9,BADEN-BADEN,2200,CORDE_GAUCHE,,,,PLAT,9,FREAK,8,HONGRES,10,SANS_OEILLERES,ANNETTE CHR.BOLTE,DR.ANDREAS BOLTE,MICHAEL CADEDDU,NON,6p3p3p(25)9p,21,4,5,1,4,23350,18000,5350,2250,7500,0,56.5,GALOP,"8,5",1970-01-01 00:00:00.001092026,2200,FREAK,2,0,0,0.0,0.0,GAZON,FAIBLE,DEFAUT_PROVINCE,GAZON,0,2.2,0,0,1,0,1,0,1,1,HIVER,INTERMEDIAIRE,0,0,1,2,1,0,0,0,3,1,0,0,0.0,0.0,0.0,0.0,0,0,0.0,16,124.30000000000001,0,0.26672766,0.5155377,0.35381114
1092026,R6,C9,BADEN-BADEN,2200,CORDE_GAUCHE,,,,PLAT,1,MISS LIBERTY,9,FEMELLES,2,OEILLERES_AUSTRALIENNES,ULRICH GIESGEN,LAURA GIESGEN,AM.MATTHEW S.JOHNSON,NON,6p1p3p3p5p,48,4,20,7,13,46720,13400,33320,6525,7500,0,59.0,GALOP,"8,5",1970-01-01 00:00:00.001092026,2200,MISS LIBERTY,1,0,0,0.0,0.0,GAZON,FAIBLE,DEFAUT_PROVINCE,GAZON,0,2.2,0,0,1,0,1,0,1,1,HIVER,INTERMEDIAIRE,0,0,1,0,0,0,0,0,3,1,0,0,0.0,0.0,0.0,0.0,0,0,0.0,9,129.8,0,0.18763448,0.4050514,0.2637304
1092026,R7,C1,CONCEPCION,1100,CORDE_DROITE,,,,PLAT,8,KIMCHE,3,FEMELLES,8,SANS_OEILLERES,DON PEYUCO,HECTOR CH ARTEAGA,CRISTOPHER  CORDERO,NON,3p,1,0,1,0,1,250200,0,250200,250200,0,0,51.0,GALOP,,1970-01-01 00:00:00.001092026,1100,KIMCHE,0,0,0,0.0,0.0,GAZON,FAIBLE,DEFAUT_PROVINCE,GAZON,0,1.1,1,0,0,0,1,0,1,1,HIVER,SPRINT,1,0,0,2,0,0,0,0,3,4,0,8,0.0,0.0,0.0,0.0,0,0,0.0,0,56.1,8,0.39260384,0.60408366,0.46662176
1092026,R7,C1,CONCEPCION,1100,CORDE_DROITE,,,,PLAT,3,CORAZON DE MADERA,3,FEMELLES,3,OEILLERES_CLASSIQUE,GUILLERMON,EDUARDO S. GONZALEZ,VICENTE ALEXANDER MARDONES GONZA,NON,2p6p2p5p2p,6,0,4,3,0,1775700,0,1775700,1775700,0,0,51.0,GALOP,,1970-01-01 00:00:00.001092026,1100,CORAZON DE MADERA,4,0,1,0.0,0.25,GAZON,FAIBLE,DEFAUT_PROVINCE,GAZON,0,1.1,1,0,0,0,1,0,1,1,HIVER,SPRINT,1,0,0,1,0,0,0,0,3,4,0,3,0.0,0.0,0.0,0.25,0,0,443925.0,12,56.1,3,0.3279199,0.6742881,0.44914877
1092026,R7,C1,CONCEPCION,1100,CORDE_DROITE,,,,PLAT,6,DIVINA PALOMA,3,FEMELLES,6,OEILLERES_CLASSIQUE,FOS,EDUARDO S. GONZALEZ,CARLOS  PAVEZ,NON,7p6p9p0p4p,12,0,2,0,0,300600,0,300600,300600,0,0,55.0,GALOP,,1970-01-01 00:00:00.001092026,1100,DIVINA PALOMA,3,0,0,0.0,0.0,GAZON,FAIBLE,DEFAUT_PROVINCE,GAZON,0,1.1,1,0,0,0,1,0,1,1,HIVER,SPRINT,1,0,0,1,0,0,0,0,3,4,0,6,0.0,0.0,0.0,0.0,0,0,0.0,9,60.50000000000001,6,0.2211027,0.42802498,0.2935255
1092026,R7,C1,CONCEPCION,1100,CORDE_DROITE,,,,PLAT,4,LADY WINER,3,FEMELLES,4,SANS_OEILLERES,MAESTRO HERRERA,ARTURO R ACEVEDO,ALEXIS EDUARDO CORDERO MESIAS,NON,0p,1,0,0,0,0,0,0,0,0,0,0,55.0,GALOP,,1970-01-01 00:00:00.001092026,1100,LADY WINER,0,0,0,0.0,0.0,GAZON,FAIBLE,DEFAUT_PROVINCE,GAZON,0,1.1,1,0,0,0,1,0,1,1,HIVER,SPRINT,1,0,0,2,0,0,0,0,3,4,0,4,0.0,0.0,0.0,0.0,0,0,0.0,0,60.50000000000001,4,0.19791046,0.4291737,0.27885258
1092026,R7,C1,CONCEPCION,1100,CORDE_DROITE,,,,PLAT,14,CHIMICHURRI,3,FEMELLES,14,SANS_OEILLERES,MOROCO,ALEX S. CEA,MARIO PALOMINOS,NON,6p7p7p2p,4,0,1,1,0,600300,0,600300,600300,0,0,51.0,GALOP,,1970-01-01 00:00:00.001092026,1100,CHIMICHURRI,2,0,1,0.0,0.5,GAZON,FAIBLE,DEFAUT_PROVINCE,GAZON,0,1.1,1,0,0,0,1,0,1,1,HIVER,SPRINT,1,0,0,2,0,0,0,0,3,4,0,14,0.0,0.0,0.0,0.5,0,0,300150.0,6,56.1,14,0.18593298,0.362879,0.24786408
1092026,R7,C1,CONCEPCION,1100,CORDE_DROITE,,,,PLAT,10,MIRANDA BIG,3,FEMELLES,10,SANS_OEILLERES,DONA CRISTINA,HECTOR CH ARTEAGA,ANYELO GERMAN SOTO GARCES,NON,0p8p5p9p4p,6,0,1,0,0,160200,0,160200,160200,0,0,54.0,GALOP,,1970-01-01 00:00:00.001092026,1100,MIRANDA BIG,2,0,0,0.0,0.0,GAZON,FAIBLE,DEFAUT_PROVINCE,GAZON,0,1.1,1,0,0,0,1,0,1,1,HIVER,SPRINT,1,0,0,2,0,0,0,0,3,4,0,10,0.0,0.0,0.0,0.0,0,0,0.0,6,59.400000000000006,10,0.18576622,0.3595876,0.2466037
1092026,R7,C1,CONCEPCION,1100,CORDE_DROITE,,,,PLAT,12,MI AGUS,3,FEMELLES,12,OEILLERES_CLASSIQUE,ALCANZANDO UN SUENO,CARLOS MIGUEL NORAMBUENA,GERSON  PEREDA,NON,2p3p5p7p8p,12,0,3,1,2,1012500,0,1012500,1012500,0,0,55.0,GALOP,,1970-01-01 00:00:00.001092026,1100,MI AGUS,6,0,0,0.0,0.0,GAZON,FAIBLE,DEFAUT_PROVINCE,GAZON,0,1.1,1,0,0,0,1,0,1,1,HIVER,SPRINT,1,0,0,1,0,0,0,0,3,4,0,12,0.0,0.0,0.0,0.0,0,0,0.0,18,60.50000000000001,12,0.20356053,0.31024796,0.24090111
1092026,R7,C1,CONCEPCION,1100,CORDE_DROITE,,,,PLAT,2,FLAME AILEEN,3,FEMELLES,2,SANS_OEILLERES,FRANCISCO ALEXANDRA,EDUARDO N. CONCHA,LUIS AROS HARVEY,NON,0p0p0p0p0p,6,0,0,0,0,0,0,0,0,0,0,55.0,GALOP,,1970-01-01 00:00:00.001092026,1100,FLAME AILEEN,0,0,0,0.0,0.0,GAZON,FAIBLE,DEFAUT_PROVINCE,GAZON,0,1.1,1,0,0,0,1,0,1,1,HIVER,SPRINT,1,0,0,2,0,0,0,0,3,4,0,2,0.0,0.0,0.0,0.0,0,0,0.0,0,60.50000000000001,2,0.12775628,0.3791718,0.21575171
1092026,R7,C1,CONCEPCION,1100,CORDE_DROITE,,,,PLAT,11,BLUMA,3,FEMELLES,11,OEILLERES_CLASSIQUE,LA HEREDERA,CARLOS MARCELO CORDOVA ARAYA,BRYAN  RETAMAL,NON,5p7p9p4p8p,9,0,1,0,0,150300,0,150300,150300,0,0,51.0,GALOP,,1970-01-01 00:00:00.001092026,1100,BLUMA,7,0,0,0.0,0.0,GAZON,FAIBLE,DEFAUT_PROVINCE,GAZON,0,1.1,1,0,0,0,1,0,1,1,HIVER,SPRINT,1,0,0,1,0,0,0,0,3,4,0,11,0.0,0.0,0.0,0.0,0,0,0.0,21,56.1,11,0.14495814,0.3300737,0.20974858
1092026,R7,C1,CONCEPCION,1100,CORDE_DROITE,,,,PLAT,1,SABIA PALABRA,3,FEMELLES,1,SANS_OEILLERES,LEONOR,EVARISTO  ALARCON J.,LUIS EDUARDO ROJAS ARANGUREN,NON,0p,1,0,0,0,0,0,0,0,0,0,0,55.0,GALOP,,1970-01-01 00:00:00.001092026,1100,SABIA PALABRA,2,0,0,0.0,0.0,GAZON,FAIBLE,DEFAUT_PROVINCE,GAZON,0,1.1,1,0,0,0,1,0,1,1,HIVER,SPRINT,1,0,0,2,0,0,0,0,3,4,0,1,0.0,0.0,0.0,0.0,0,0,0.0,6,60.50000000000001,1,0.11712996,0.30218208,0.1818982
1092026,R7,C1,CONCEPCION,1100,CORDE_DROITE,,,,PLAT,9,GRAND YOU,3,FEMELLES,9,OEILLERES_CLASSIQUE,VITACARE,NELSON NORAMBUENA BRAVO,IVAN CARCAMO,NON,8p8p0p0p0p,6,0,0,0,0,0,0,0,0,0,0,55.0,GALOP,,1970-01-01 00:00:00.001092026,1100,GRAND YOU,0,0,0,0.0,0.0,GAZON,FAIBLE,DEFAUT_PROVINCE,GAZON,0,1.1,1,0,0,0,1,0,1,1,HIVER,SPRINT,1,0,0,1,0,0,0,0,3,4,0,9,0.0,0.0,0.0,0.0,0,0,0.0,0,60.50000000000001,9,0.1032023,0.2138179,0.14191775
1092026,R7,C1,CONCEPCION,1100,CORDE_DROITE,,,,PLAT,7,PERDON SENORITA,3,FEMELLES,7,OEILLERES_CLASSIQUE,GUILLERMON,EDUARDO S. GONZALEZ,CRISTIAN ANDRES ROJAS ESPINOSA,NON,4p5p0p6p5p,1,0,0,0,0,0,0,0,0,0,0,55.0,GALOP,,1970-01-01 00:00:00.001092026,1100,PERDON SENORITA,7,0,0,0.0,0.0,GAZON,FAIBLE,DEFAUT_PROVINCE,GAZON,0,1.1,1,0,0,0,1,0,1,1,HIVER,SPRINT,1,0,0,1,0,0,0,0,3,4,0,7,0.0,0.0,0.0,0.0,0,0,0.0,21,60.50000000000001,7,0.10531353,0.18169655,0.1320476
1092026,R7,C1,CONCEPCION,1100,CORDE_DROITE,,,,PLAT,5,SANTA YAPA,3,FEMELLES,5,SANS_OEILLERES,"REYES G., GABRIEL",HECTOR CH ARTEAGA,JELY BRAYAN BARRIL CURIN,NON,0p7p9p0p6p,12,0,0,0,0,0,0,0,0,0,0,55.0,GALOP,,1970-01-01 00:00:00.001092026,1100,SANTA YAPA,2,0,0,0.0,0.0,GAZON,FAIBLE,DEFAUT_PROVINCE,GAZON,0,1.1,1,0,0,0,1,0,1,1,HIVER,SPRINT,1,0,0,2,0,0,0,0,3,4,0,5,0.0,0.0,0.0,0.0,0,0,0.0,6,60.50000000000001,5,0.058693506,0.21958536,0.11500566
1092026,R7,C1,CONCEPCION,1100,CORDE_DROITE,,,,PLAT,13,SIEMPRE PIOLA,3,FEMELLES,13,SANS_OEILLERES,MEHUIN,FRANCISCO C. SAAVEDRA,JUAN A. CAMPOS,NON,9p7p0p9p,4,0,0,0,0,0,0,0,0,0,0,54.0,GALOP,,1970-01-01 00:00:00.001092026,1100,SIEMPRE PIOLA,3,0,0,0.0,0.0,GAZON,FAIBLE,DEFAUT_PROVINCE,GAZON,0,1.1,1,0,0,0,1,0,1,1,HIVER,SPRINT,1,0,0,2,0,0,0,0,3,4,0,13,0.0,0.0,0.0,0.0,0,0,0.0,9,59.400000000000006,13,0.060605753,0.12982567,0.08483272
1092026,R7,C2,CONCEPCION,900,CORDE_DROITE,,,,PLAT,3,CAMINERO MENDOZA,5,MALES,3,SANS_OEILLERES,COMERCIAL DACHELET,LUIS G. SOTO E.,ANYELO GERMAN SOTO GARCES,NON,4p6p2p3p0p,25,1,5,3,1,2581200,1431000,1150200,178200,2403000,0,56.0,GALOP,,1970-01-01 00:00:00.001092026,900,CAMINERO MENDOZA,0,0,0,0.0,0.0,GAZON,FAIBLE,DEFAUT_PROVINCE,GAZON,0,0.9,1,0,0,0,1,0,1,1,HIVER,SPRINT,1,0,0,2,2,0,0,0,3,4,0,3,0.0,0.0,0.0,0.0,0,0,0.0,0,50.4,3,0.33113757,0.70158654,0.4607947
1092026,R7,C2,CONCEPCION,900,CORDE_DROITE,,,,PLAT,5,SUENO DEL PIBE,8,HONGRES,5,SANS_OEILLERES,LOS DE NONGUEN,VICTOR ENRIQUE GALLARDO EISSMANN,VICENTE ALEXANDER MARDONES GONZA,NON,3p3p9p6p1p,71,10,16,2,11,17536500,13585500,3951000,151200,2531700,0,56.0,GALOP,,1970-01-01 00:00:00.001092026,900,SUENO DEL PIBE,4,1,2,0.25,0.5,GAZON,FAIBLE,DEFAUT_PROVINCE,GAZON,0,0.9,1,0,0,0,1,0,1,1,HIVER,SPRINT,1,0,0,2,1,0,0,0,3,4,0,5,0.0,0.25,0.0,0.5,0,0,75600.0,32,50.4,5,0.20068227,0.7811896,0.40385985
1092026,R7,C2,CONCEPCION,900,CORDE_DROITE,,,,PLAT,7,ROBBEN,14,MALES,7,SANS_OEILLERES,PIA MARIA,JULIO ENRIQUE ESPINOSA NUNEZ,ALEXIS EDUARDO CORDERO MESIAS,NON,9p9p9p7p8p,162,13,46,23,15,94913100,40437900,54475200,946800,2628900,0,56.0,GALOP,,1970-01-01 00:00:00.001092026,900,ROBBEN,10,1,3,0.1,0.3,GAZON,FAIBLE,DEFAUT_PROVINCE,GAZON,0,0.9,1,0,0,0,1,0,1,1,HIVER,SPRINT,1,0,0,2,2,0,0,0,3,4,0,7,0.0,0.1,0.0,0.3,0,0,284040.0,140,50.4,7,0.21606776,0.7123409,0.38976336
1092026,R7,C2,CONCEPCION,900,CORDE_DROITE,,,,PLAT,1,SHE IS SO NICE,7,FEMELLES,1,OEILLERES_CLASSIQUE,MARTINA ISIDORA,CARLOS MARCELO CORDOVA ARAYA,JUAN A. INOSTROZA,NON,4p6p5p8p1p,87,8,24,7,13,20342700,11095200,9247500,949500,1630800,0,56.0,GALOP,,1970-01-01 00:00:00.001092026,900,SHE IS SO NICE,9,1,4,0.1111111111111111,0.4444444444444444,GAZON,FAIBLE,DEFAUT_PROVINCE,GAZON,0,0.9,1,0,0,0,1,0,1,1,HIVER,SPRINT,1,0,0,1,0,0,0,0,3,4,0,1,0.0,0.1111111111111111,0.0,0.4444444444444444,0,0,422000.0,63,50.4,1,0.24670032,0.5185247,0.34183884
1092026,R7,C2,CONCEPCION,900,CORDE_DROITE,,,,PLAT,4,QUE PASA NEGRO,7,MALES,4,SANS_OEILLERES,PETALO,JULIO ENRIQUE ESPINOSA NUNEZ,JUAN A. CAMPOS,NON,9p7p9p6p7p,106,14,33,14,17,22469400,16629300,5840100,892800,4727700,0,56.0,GALOP,,1970-01-01 00:00:00.001092026,900,QUE PASA NEGRO,6,2,3,0.3333333333333333,0.5,GAZON,FAIBLE,DEFAUT_PROVINCE,GAZON,0,0.9,1,0,0,0,1,0,1,1,HIVER,SPRINT,1,0,0,2,2,0,0,0,3,4,0,4,0.0,0.3333333333333333,0.0,0.5,0,0,446400.0,42,50.4,4,0.15409218,0.6846443,0.3397854
1092026,R7,C2,CONCEPCION,900,CORDE_DROITE,,,,PLAT,6,EL MEJOR DE MARIO,4,MALES,6,SANS_OEILLERES,MOROCO,ALEX S. CEA,BRYAN  RETAMAL,NON,3p8p8p0p0p,21,1,2,1,1,1265400,1019700,245700,1265400,0,0,56.0,GALOP,,1970-01-01 00:00:00.001092026,900,EL MEJOR DE MARIO,9,1,2,0.1111111111111111,0.2222222222222222,GAZON,FAIBLE,DEFAUT_PROVINCE,GAZON,0,0.9,1,0,0,0,1,0,1,1,HIVER,SPRINT,1,0,0,2,2,0,0,0,3,4,0,6,0.0,0.1111111111111111,0.0,0.2222222222222222,0,0,281200.0,36,50.4,6,0.1838299,0.4326116,0.2709035
1092026,R7,C2,CONCEPCION,900,CORDE_DROITE,,,,PLAT,8,PANTEU,6,FEMELLES,8,OEILLERES_CLASSIQUE,VITACARE,NELSON NORAMBUENA BRAVO,CARLOS  PAVEZ,NON,2p3p8p6p5p,74,2,16,3,9,4751100,1728900,3022200,1370700,3064500,0,56.0,GALOP,,1970-01-01 00:00:00.001092026,900,PANTEU,19,2,6,0.10526315789473684,0.3157894736842105,GAZON,FAIBLE,DEFAUT_PROVINCE,GAZON,0,0.9,1,0,0,0,1,0,1,1,HIVER,SPRINT,1,0,0,1,0,0,0,0,3,4,0,8,0.0,0.10526315789473684,0.0,0.3157894736842105,0,0,432852.63157894736,114,50.4,8,0.10311297,0.40195215,0.20770669
1092026,R7,C2,CONCEPCION,900,CORDE_DROITE,,,,PLAT,2,GRAN TAITA,4,MALES,2,SANS_OEILLERES,MATOTO TOMITOMI,ARTURO R ACEVEDO,JUAN P. TORRES,NON,8p4p4p6p8p,42,3,5,3,2,3607200,2827800,779400,3607200,0,0,56.0,GALOP,,1970-01-01 00:00:00.001092026,900,GRAN TAITA,11,2,5,0.18181818181818182,0.45454545454545453,GAZON,FAIBLE,DEFAUT_PROVINCE,GAZON,0,0.9,1,0,0,0,1,0,1,1,HIVER,SPRINT,1,0,0,2,2,0,0,0,3,4,0,2,0.0,0.18181818181818182,0.0,0.45454545454545453,0,0,1639636.3636363635,44,50.4,2,0.09988987,0.3751785,0.19624089
1092026,R7,C3,CONCEPCION,1000,CORDE_DROITE,,,,PLAT,4,GRAN MANUEL,4,MALES,4,OEILLERES_CLASSIQUE,DANPOCH,CARLOS MARCELO CORDOVA ARAYA,CRISTIAN ANDRES ROJAS ESPINOSA,NON,1p5p2p4p6p,17,6,6,3,2,10598400,9412200,1186200,6121800,4476600,0,57.0,GALOP,,1970-01-01 00:00:00.001092026,1000,GRAN MANUEL,11,4,7,0.36363636363636365,0.6363636363636364,GAZON,FAIBLE,DEFAUT_PROVINCE,GAZON,0,1.0,1,0,0,0,1,0,1,1,HIVER,SPRINT,1,0,0,1,2,0,0,0,3,4,0,4,0.0,0.36363636363636365,0.0,0.6363636363636364,0,0,3895690.909090909,44,57.0,4,0.38902223,0.7044861,0.4994346
1092026,R7,C3,CONCEPCION,1000,CORDE_DROITE,,,,PLAT,3,CARLUCCI,7,MALES,3,SANS_OEILLERES,LUBRISHELL,HECTOR CH ARTEAGA,GERSON  PEREDA,NON,2p3p6p1p5p,93,16,28,12,6,39744000,31657500,8086500,8140500,5459400,0,60.0,GALOP,,1970-01-01 00:00:00.001092026,1000,CARLUCCI,17,7,12,0.4117647058823529,0.7058823529411765,GAZON,FAIBLE,DEFAUT_PROVINCE,GAZON,0,1.0,1,0,0,0,1,0,1,1,HIVER,SPRINT,1,0,0,2,2,0,0,0,3,4,0,3,0.0,0.4117647058823529,0.0,0.7058823529411765,0,0,5746235.294117647,119,60.0,3,0.28934354,0.7393524,0.4468466
1092026,R7,C3,CONCEPCION,1000,CORDE_DROITE,,,,PLAT,2,GANO Y VUELVO,7,MALES,2,OEILLERES_CLASSIQUE,MARIANGEL,EVARISTO  ALARCON J.,LUIS EDUARDO ROJAS ARANGUREN,NON,1p1p4p4p2p,80,14,29,13,7,46535400,31606200,14929200,1562400,11337300,0,57.0,GALOP,,1970-01-01 00:00:00.001092026,1000,GANO Y VUELVO,7,1,4,0.14285714285714285,0.5714285714285714,GAZON,FAIBLE,DEFAUT_PROVINCE,GAZON,0,1.0,1,0,0,0,1,0,1,1,HIVER,SPRINT,1,0,0,1,2,0,0,0,3,4,0,2,0.0,0.14285714285714285,0.0,0.5714285714285714,0,0,892800.0,49,57.0,2,0.25362208,0.7846366,0.43947715
1092026,R7,C3,CONCEPCION,1000,CORDE_DROITE,,,,PLAT,1,WHITE SPIRIT,7,HONGRES,1,SANS_OEILLERES,CAYO,JOSE GERARDO MELO MELLADO,LUIS AROS HARVEY,NON,5p9p0p0p0p,86,14,30,11,11,48345300,34499700,13845600,747900,8227800,0,57.0,GALOP,,1970-01-01 00:00:00.001092026,1000,WHITE SPIRIT,6,0,3,0.0,0.5,GAZON,FAIBLE,DEFAUT_PROVINCE,GAZON,0,1.0,1,0,0,0,1,0,1,1,HIVER,SPRINT,1,0,0,2,1,0,0,0,3,4,0,1,0.0,0.0,0.0,0.5,0,0,373950.0,42,57.0,1,0.19833808,0.7802036,0.401991
1092026,R7,C3,CONCEPCION,1000,CORDE_DROITE,,,,PLAT,6,DON PACHALO,8,MALES,6,OEILLERES_CLASSIQUE,DON MEMO,EDUARDO S. GONZALEZ,CARLOS  PAVEZ,NON,1p5p1p2p3p,82,19,39,18,14,45323100,34626600,10696500,4870800,3601800,0,59.0,GALOP,,1970-01-01 00:00:00.001092026,1000,DON PACHALO,20,2,10,0.1,0.5,GAZON,FAIBLE,DEFAUT_PROVINCE,GAZON,0,1.0,1,0,0,0,1,0,1,1,HIVER,SPRINT,1,0,0,1,2,0,0,0,3,4,0,6,0.0,0.1,0.0,0.5,0,0,2435400.0,160,59.0,6,0.08893411,0.7311215,0.3136997
1092026,R7,C3,CONCEPCION,1000,CORDE_DROITE,,,,PLAT,5,SALTO DE AMISTAD,4,HONGRES,5,OEILLERES_CLASSIQUE,POR TI NEGRITA,EVARISTO  ALARCON J.,MARIO PALOMINOS,NON,5p5p2p2p1p,22,5,8,4,3,9003600,7256700,1746900,8486100,517500,0,52.0,GALOP,,1970-01-01 00:00:00.001092026,1000,SALTO DE AMISTAD,4,2,4,0.5,1.0,GAZON,FAIBLE,DEFAUT_PROVINCE,GAZON,0,1.0,1,0,0,0,1,0,1,1,HIVER,SPRINT,1,0,0,1,1,0,0,0,3,4,0,5,0.0,0.5,0.0,1.0,0,0,8486100.0,16,52.0,5,0.0989789,0.3688775,0.1934434
1092026,R7,C4,CONCEPCION,1000,CORDE_DROITE,,,,PLAT,6,COMO YO NINGUNO,6,MALES,6,SANS_OEILLERES,KING OF KINGS,ELIZABETH S. AMIGO (AN),CARLOS  PAVEZ,NON,6p7p6p6p0p,47,4,12,5,2,4755600,3482100,1273500,1038600,2393100,0,56.0,GALOP,,1970-01-01 00:00:00.001092026,1000,COMO YO NINGUNO,15,2,5,0.13333333333333333,0.3333333333333333,GAZON,FAIBLE,DEFAUT_PROVINCE,GAZON,0,1.0,1,0,0,0,1,0,1,1,HIVER,SPRINT,1,0,0,2,2,0,0,0,3,4,0,6,0.0,0.13333333333333333,0.0,0.3333333333333333,0,0,346200.0,90,56.0,6,0.28509757,0.62596834,0.40440232
1092026,R7,C4,CONCEPCION,1000,CORDE_DROITE,,,,PLAT,2,CORAZON PURO,5,MALES,2,SANS_OEILLERES,TILIN CORTO LA CUERDA,NATHALIE S. SALDIAS  (RB),ALEXIS EDUARDO CORDERO MESIAS,NON,8p8p6p8p5p,34,0,3,1,1,252900,0,252900,252900,0,0,56.0,GALOP,,1970-01-01 00:00:00.001092026,1000,CORAZON PURO,11,0,2,0.0,0.18181818181818182,GAZON,FAIBLE,DEFAUT_PROVINCE,GAZON,0,1.0,1,0,0,0,1,0,1,1,HIVER,SPRINT,1,0,0,2,2,0,0,0,3,4,0,2,0.0,0.0,0.0,0.18181818181818182,0,0,45981.818181818184,55,56.0,2,0.22451594,0.5724525,0.34629372
1092026,R7,C4,CONCEPCION,1000,CORDE_DROITE,,,,PLAT,4,EL DICTADOR,4,MALES,4,OEILLERES_CLASSIQUE,DANPOCH,CARLOS MARCELO CORDOVA ARAYA,JUAN P. TORRES,NON,4p6p5p7p9p,19,1,5,1,4,2081700,1046700,1035000,0,2081700,0,56.0,GALOP,,1970-01-01 00:00:00.001092026,1000,EL DICTADOR,10,0,3,0.0,0.3,GAZON,FAIBLE,DEFAUT_PROVINCE,GAZON,0,1.0,1,0,0,0,1,0,1,1,HIVER,SPRINT,1,0,0,1,2,0,0,0,3,4,0,4,0.0,0.0,0.0,0.3,0,0,0.0,40,56.0,4,0.21936733,0.56912005,0.34178078
1092026,R7,C4,CONCEPCION,1000,CORDE_DROITE,,,,PLAT,7,GRAN DREAMER,4,MALES,7,OEILLERES_CLASSIQUE,PETALO,JULIO ENRIQUE ESPINOSA NUNEZ,JUAN A. CAMPOS,NON,4p7p7p3p2p,24,1,3,1,2,1639800,1333800,306000,306000,1333800,0,56.0,GALOP,,1970-01-01 00:00:00.001092026,1000,GRAN DREAMER,12,1,4,0.08333333333333333,0.3333333333333333,GAZON,FAIBLE,DEFAUT_PROVINCE,GAZON,0,1.0,1,0,0,0,1,0,1,1,HIVER,SPRINT,1,0,0,1,2,0,0,0,3,4,0,7,0.0,0.08333333333333333,0.0,0.3333333333333333,0,0,102000.0,48,56.0,7,0.19704473,0.54942274,0.32037702
1092026,R7,C4,CONCEPCION,1000,CORDE_DROITE,,,,PLAT,9,DANGER IN RIO,5,MALES,9,OEILLERES_CLASSIQUE,VITACARE,NELSON NORAMBUENA BRAVO,VICENTE ALEXANDER MARDONES GONZA,NON,7p5p9p5p7p,65,1,10,7,3,2669400,1164600,1504800,361800,1143000,0,56.0,GALOP,,1970-01-01 00:00:00.001092026,1000,DANGER IN RIO,15,0,2,0.0,0.13333333333333333,GAZON,FAIBLE,DEFAUT_PROVINCE,GAZON,0,1.0,1,0,0,0,1,0,1,1,HIVER,SPRINT,1,0,0,1,2,0,0,0,3,4,0,9,0.0,0.0,0.0,0.13333333333333333,0,0,48240.0,75,56.0,9,0.1851178,0.5079794,0.29811937
1092026,R7,C4,CONCEPCION,1000,CORDE_DROITE,,,,PLAT,8,DOMINGA MISTERIO,10,FEMELLES,8,SANS_OEILLERES,LOS DE HUALPEN,JOAN MANUEL AMAYA HERNANDEZ,JELY BRAYAN BARRIL CURIN,NON,5p8p4p0p3p,129,13,37,10,13,20284200,13947300,6336900,200700,2425500,0,56.0,GALOP,,1970-01-01 00:00:00.001092026,1000,DOMINGA MISTERIO,10,0,2,0.0,0.2,GAZON,FAIBLE,DEFAUT_PROVINCE,GAZON,0,1.0,1,0,0,0,1,0,1,1,HIVER,SPRINT,1,0,0,2,0,0,0,0,3,4,0,8,0.0,0.0,0.0,0.2,0,0,40140.0,100,56.0,8,0.1696176,0.5173711,0.29133132
1092026,R7,C4,CONCEPCION,1000,CORDE_DROITE,,,,PLAT,3,ASTROAZURRO,6,HONGRES,3,OEILLERES_CLASSIQUE,EQUINPOWER,EVARISTO  ALARCON J.,MARIO PALOMINOS,NON,5p3p0p5p7p,99,6,30,18,4,16794900,7554600,9240300,3359700,4104000,0,56.0,GALOP,,1970-01-01 00:00:00.001092026,1000,ASTROAZURRO,9,2,4,0.2222222222222222,0.4444444444444444,GAZON,FAIBLE,DEFAUT_PROVINCE,GAZON,0,1.0,1,0,0,0,1,0,1,1,HIVER,SPRINT,1,0,0,1,1,0,0,0,3,4,0,3,0.0,0.2222222222222222,0.0,0.4444444444444444,0,0,1493200.0,54,56.0,3,0.123411134,0.5427161,0.27016786
1092026,R7,C4,CONCEPCION,1000,CORDE_DROITE,,,,PLAT,10,FRESCO,7,MALES,10,SANS_OEILLERES,CONCHA N. EDUARDO,EDUARDO N. CONCHA,BRYAN  RETAMAL,NON,7p5p6p9p1p,132,13,45,19,18,18571500,12765600,5805900,3308400,6120000,0,56.0,GALOP,,1970-01-01 00:00:00.001092026,1000,FRESCO,27,2,12,0.07407407407407407,0.4444444444444444,GAZON,FAIBLE,DEFAUT_PROVINCE,GAZON,0,1.0,1,0,0,0,1,0,1,1,HIVER,SPRINT,1,0,0,2,2,0,0,0,3,4,0,10,0.0,0.07407407407407407,0.0,0.4444444444444444,0,0,1470400.0,189,56.0,10,0.119391486,0.47911534,0.24529484
1092026,R7,C4,CONCEPCION,1000,CORDE_DROITE,,,,PLAT,1,IL IMPERATORE,6,MALES,1,OEILLERES_CLASSIQUE,TEIGENES,CARLOS MARCELO CORDOVA ARAYA,JUAN A. INOSTROZA,NON,6p7p0p9p1p,83,3,17,5,7,4788000,2935800,1852200,1843200,1098000,0,56.0,GALOP,,1970-01-01 00:00:00.001092026,1000,IL IMPERATORE,18,1,2,0.05555555555555555,0.1111111111111111,GAZON,FAIBLE,DEFAUT_PROVINCE,GAZON,0,1.0,1,0,0,0,1,0,1,1,HIVER,SPRINT,1,0,0,1,2,0,0,0,3,4,0,1,0.0,0.05555555555555555,0.0,0.1111111111111111,0,0,204800.0,108,56.0,1,0.07081913,0.5013998,0.22152236
1092026,R7,C4,CONCEPCION,1000,CORDE_DROITE,,,,PLAT,5,ULTRASONIDO,10,HONGRES,5,SANS_OEILLERES,MATOTO TOMITOMI,ARTURO R ACEVEDO,CRISTOPHER  CORDERO,NON,8p9p0p3p5p,230,23,59,19,26,50979600,30326400,20653200,2107800,6163200,0,56.0,GALOP,,1970-01-01 00:00:00.001092026,1000,ULTRASONIDO,20,2,5,0.1,0.25,GAZON,FAIBLE,DEFAUT_PROVINCE,GAZON,0,1.0,1,0,0,0,1,0,1,1,HIVER,SPRINT,1,0,0,2,1,0,0,0,3,4,0,5,0.0,0.1,0.0,0.25,0,0,526950.0,200,56.0,5,0.058851518,0.4673287,0.20181853
1092026,R7,C5,CONCEPCION,1300,CORDE_DROITE,,,,PLAT,4,KALANIT,4,FEMELLES,4,SANS_OEILLERES,MOROCO,ALEX S. CEA,JUAN A. INOSTROZA,NON,7p9p9p0p6p,15,1,0,0,0,3099600,3099600,0,0,3099600,0,55.0,GALOP,,1970-01-01 00:00:00.001092026,1300,KALANIT,0,0,0,0.0,0.0,GAZON,FAIBLE,DEFAUT_PROVINCE,GAZON,0,1.3,1,0,0,0,1,0,1,1,HIVER,COURTE,1,0,0,2,0,0,0,0,3,0,0,4,0.0,0.0,0.0,0.0,0,0,0.0,0,71.5,4,0.2919601,0.44804287,0.34658906
1092026,R7,C5,CONCEPCION,1300,CORDE_DROITE,,,,PLAT,10,EL MANOLO,6,MALES,10,SANS_OEILLERES,LA HEREDERA,CARLOS MARCELO CORDOVA ARAYA,CRISTIAN ANDRES ROJAS ESPINOSA,NON,2p8p5p4p1p,44,5,24,10,11,17620200,9919800,7700400,265500,1836900,0,54.0,GALOP,,1970-01-01 00:00:00.001092026,1300,EL MANOLO,1,0,1,0.0,1.0,GAZON,FAIBLE,DEFAUT_PROVINCE,GAZON,0,1.3,1,0,0,0,1,0,1,1,HIVER,COURTE,1,0,0,2,2,0,0,0,3,0,0,10,0.0,0.0,0.0,1.0,0,0,265500.0,6,70.2,10,0.16492148,0.6418879,0.3318597
1092026,R7,C5,CONCEPCION,1300,CORDE_DROITE,,,,PLAT,7,HAMM GOOD,6,HONGRES,7,OEILLERES_CLASSIQUE,ALCANZANDO UN SUENO,CARLOS MIGUEL NORAMBUENA,ANYELO GERMAN SOTO GARCES,NON,2p4p8p9p8p,119,7,21,5,8,18182700,13691700,4491000,2559600,6213600,0,54.0,GALOP,,1970-01-01 00:00:00.001092026,1300,HAMM GOOD,4,0,1,0.0,0.25,GAZON,FAIBLE,DEFAUT_PROVINCE,GAZON,0,1.3,1,0,0,0,1,0,1,1,HIVER,COURTE,1,0,0,1,1,0,0,0,3,0,0,7,0.0,0.0,0.0,0.25,0,0,639900.0,24,70.2,7,0.21956387,0.49705327,0.31668514
1092026,R7,C5,CONCEPCION,1300,CORDE_DROITE,,,,PLAT,3,GINTONI,3,MALES,3,SANS_OEILLERES,MOROCO,ALEX S. CEA,JUAN P. TORRES,NON,7p6p6p0p4p,7,0,1,0,0,160200,0,160200,160200,0,0,58.0,GALOP,,1970-01-01 00:00:00.001092026,1300,GINTONI,1,0,0,0.0,0.0,GAZON,FAIBLE,DEFAUT_PROVINCE,GAZON,0,1.3,1,0,0,0,1,0,1,1,HIVER,COURTE,1,0,0,2,2,0,0,0,3,0,0,3,0.0,0.0,0.0,0.0,0,0,0.0,3,75.4,3,0.19311324,0.51890045,0.30713874
1092026,R7,C5,CONCEPCION,1300,CORDE_DROITE,,,,PLAT,9,KOSANTA,5,FEMELLES,9,SANS_OEILLERES,MATOTO TOMITOMI,ARTURO R ACEVEDO,CRISTOPHER  CORDERO,NON,7p1p8p4p9p,66,6,16,6,5,11043900,7708500,3335400,2084400,5166000,0,57.0,GALOP,,1970-01-01 00:00:00.001092026,1300,KOSANTA,13,2,5,0.15384615384615385,0.38461538461538464,GAZON,FAIBLE,DEFAUT_PROVINCE,GAZON,0,1.3,1,0,0,0,1,0,1,1,HIVER,COURTE,1,0,0,2,0,0,0,0,3,0,0,9,0.0,0.15384615384615385,0.0,0.38461538461538464,0,0,801692.3076923077,65,74.10000000000001,9,0.22878063,0.44829774,0.3056116
1092026,R7,C5,CONCEPCION,1300,CORDE_DROITE,,,,PLAT,5,SERKET,4,FEMELLES,5,SANS_OEILLERES,RAICES DE CODEGUA,EDUARDO N. CONCHA,CARLOS  PAVEZ,NON,4p6p8p4p4p,47,1,13,3,8,5468400,1520100,3948300,3569400,1899000,0,54.0,GALOP,,1970-01-01 00:00:00.001092026,1300,SERKET,1,0,0,0.0,0.0,GAZON,FAIBLE,DEFAUT_PROVINCE,GAZON,0,1.3,1,0,0,0,1,0,1,1,HIVER,COURTE,1,0,0,2,0,0,0,0,3,0,0,5,0.0,0.0,0.0,0.0,0,0,0.0,4,70.2,5,0.1482055,0.5207841,0.278608
1092026,R7,C5,CONCEPCION,1300,CORDE_DROITE,,,,PLAT,8,NEGRITA ANDREA,9,FEMELLES,8,SANS_OEILLERES,MAITTE Y SOFIA,NATHALIE S. SALDIAS  (RB),LUIS EDUARDO ROJAS ARANGUREN,NON,2p4p3p6p4p,130,15,20,6,10,38858400,32241600,6616800,4005900,2046600,0,56.0,GALOP,,1970-01-01 00:00:00.001092026,1300,NEGRITA ANDREA,4,0,0,0.0,0.0,GAZON,FAIBLE,DEFAUT_PROVINCE,GAZON,0,1.3,1,0,0,0,1,0,1,1,HIVER,COURTE,1,0,0,2,0,0,0,0,3,0,0,8,0.0,0.0,0.0,0.0,0,0,0.0,36,72.8,8,0.14408915,0.31221333,0.2029326
1092026,R7,C5,CONCEPCION,1300,CORDE_DROITE,,,,PLAT,6,LEF KAWELL,3,MALES,6,OEILLERES_CLASSIQUE,PETALO,JULIO ENRIQUE ESPINOSA NUNEZ,JUAN A. CAMPOS,NON,0p0p6p0p,4,0,0,0,0,0,0,0,0,0,0,58.0,GALOP,,1970-01-01 00:00:00.001092026,1300,LEF KAWELL,4,0,0,0.0,0.0,GAZON,FAIBLE,DEFAUT_PROVINCE,GAZON,0,1.3,1,0,0,0,1,0,1,1,HIVER,COURTE,1,0,0,1,2,0,0,0,3,0,0,6,0.0,0.0,0.0,0.0,0,0,0.0,12,75.4,6,0.13684846,0.22952884,0.1692866
1092026,R7,C5,CONCEPCION,1300,CORDE_DROITE,,,,PLAT,2,MARY LUZ,3,FEMELLES,2,SANS_OEILLERES,CACIQUE,HECTOR CH ARTEAGA,IVAN CARCAMO,NON,7p0p9p0p9p,6,0,0,0,0,0,0,0,0,0,0,58.0,GALOP,,1970-01-01 00:00:00.001092026,1300,MARY LUZ,1,0,0,0.0,0.0,GAZON,FAIBLE,DEFAUT_PROVINCE,GAZON,0,1.3,1,0,0,0,1,0,1,1,HIVER,COURTE,1,0,0,2,0,0,0,0,3,0,0,2,0.0,0.0,0.0,0.0,0,0,0.0,3,75.4,2,0.09105642,0.2807466,0.15744798
1092026,R7,C5,CONCEPCION,1300,CORDE_DROITE,,,,PLAT,1,MI BARCO VELERO,5,MALES,1,OEILLERES_CLASSIQUE,VITACARE,NELSON NORAMBUENA BRAVO,VICENTE ALEXANDER MARDONES GONZA,NON,0p7p0p9p0p,62,1,5,2,1,1567800,969300,598500,0,1481400,0,54.0,GALOP,,1970-01-01 00:00:00.001092026,1300,MI BARCO VELERO,13,0,0,0.0,0.0,GAZON,FAIBLE,DEFAUT_PROVINCE,GAZON,0,1.3,1,0,0,0,1,0,1,1,HIVER,COURTE,1,0,0,1,2,0,0,0,3,0,0,1,0.0,0.0,0.0,0.0,0,0,0.0,65,70.2,1,0.069388986,0.29871535,0.14965321
1092026,R7,C6,CONCEPCION,1100,CORDE_DROITE,,,,PLAT,3,NEGRETINO,3,MALES,3,OEILLERES_CLASSIQUE,CELESTIAL,EVARISTO  ALARCON J.,LUIS EDUARDO ROJAS ARANGUREN,NON,1p1p1p2p6p,12,3,2,1,1,7511400,6111000,1400400,7511400,0,0,61.0,GALOP,,1970-01-01 00:00:00.001092026,1100,NEGRETINO,2,0,1,0.0,0.5,GAZON,FAIBLE,DEFAUT_PROVINCE,GAZON,0,1.1,1,0,0,0,1,0,1,1,HIVER,SPRINT,1,0,0,1,2,0,0,0,3,4,0,3,0.0,0.0,0.0,0.5,0,0,3755700.0,6,67.10000000000001,3,0.4318989,0.7292174,0.5359603
1092026,R7,C6,CONCEPCION,1100,CORDE_DROITE,,,,PLAT,4,STEP BY STEP,3,MALES,4,OEILLERES_CLASSIQUE,ALCANZANDO UN SUENO,CARLOS MIGUEL NORAMBUENA,GERSON  PEREDA,NON,1p6p4p4p5p,8,1,4,1,1,3100500,0,3100500,3100500,0,0,57.0,GALOP,,1970-01-01 00:00:00.001092026,1100,STEP BY STEP,1,0,0,0.0,0.0,GAZON,FAIBLE,DEFAUT_PROVINCE,GAZON,0,1.1,1,0,0,0,1,0,1,1,HIVER,SPRINT,1,0,0,1,2,0,0,0,3,4,0,4,0.0,0.0,0.0,0.0,0,0,0.0,3,62.7,4,0.38307327,0.66796625,0.4827858
1092026,R7,C6,CONCEPCION,1100,CORDE_DROITE,,,,PLAT,8,MI TIO RAUL,3,MALES,8,OEILLERES_CLASSIQUE,GUILLERMON,EDUARDO S. GONZALEZ,CRISTIAN ANDRES ROJAS ESPINOSA,NON,5p0p1p3p3p,6,1,3,0,3,3898800,2999700,899100,3898800,0,0,57.0,GALOP,,1970-01-01 00:00:00.001092026,1100,MI TIO RAUL,4,1,4,0.25,1.0,GAZON,FAIBLE,DEFAUT_PROVINCE,GAZON,0,1.1,1,0,0,0,1,0,1,1,HIVER,SPRINT,1,0,0,1,2,0,0,0,3,4,0,8,0.0,0.25,0.0,1.0,0,0,3898800.0,12,62.7,8,0.33437017,0.49617264,0.39100105
1092026,R7,C6,CONCEPCION,1100,CORDE_DROITE,,,,PLAT,6,ACE POINT,3,MALES,6,OEILLERES_CLASSIQUE,ALCANZANDO UN SUENO,CARLOS MIGUEL NORAMBUENA,ANYELO GERMAN SOTO GARCES,NON,4p6p7p3p7p,13,1,2,0,1,3780900,3400200,380700,3780900,0,0,56.0,GALOP,,1970-01-01 00:00:00.001092026,1100,ACE POINT,0,0,0,0.0,0.0,GAZON,FAIBLE,DEFAUT_PROVINCE,GAZON,0,1.1,1,0,0,0,1,0,1,1,HIVER,SPRINT,1,0,0,1,2,0,0,0,3,4,0,6,0.0,0.0,0.0,0.0,0,0,0.0,0,61.60000000000001,6,0.28251302,0.49965,0.35851097
1092026,R7,C6,CONCEPCION,1100,CORDE_DROITE,,,,PLAT,5,TE QUIERO A TI,3,FEMELLES,5,OEILLERES_CLASSIQUE,EL GALLITO,JULIO ENRIQUE ESPINOSA NUNEZ,CRISTOPHER  CORDERO,NON,2p1p3p8p6p,15,1,2,1,1,2849400,2124900,724500,2849400,0,0,51.0,GALOP,,1970-01-01 00:00:00.001092026,1100,TE QUIERO A TI,4,0,0,0.0,0.0,GAZON,FAIBLE,DEFAUT_PROVINCE,GAZON,0,1.1,1,0,0,0,1,0,1,1,HIVER,SPRINT,1,0,0,1,0,0,0,0,3,4,0,5,0.0,0.0,0.0,0.0,0,0,0.0,12,56.1,5,0.23898253,0.46019068,0.3164054
1092026,R7,C6,CONCEPCION,1100,CORDE_DROITE,,,,PLAT,7,LA MELYTANS,3,FEMELLES,7,OEILLERES_CLASSIQUE,MELEDMAR,JULIO ENRIQUE ESPINOSA NUNEZ,CARLOS  PAVEZ,NON,4p1p,2,1,0,0,0,2999700,2999700,0,2999700,0,0,55.0,GALOP,,1970-01-01 00:00:00.001092026,1100,LA MELYTANS,1,1,1,1.0,1.0,GAZON,FAIBLE,DEFAUT_PROVINCE,GAZON,0,1.1,1,0,0,0,1,0,1,1,HIVER,SPRINT,1,0,0,1,0,0,0,0,3,4,0,7,0.0,1.0,0.0,1.0,0,0,2999700.0,3,60.50000000000001,7,0.21286012,0.47355348,0.30410278
1092026,R7,C6,CONCEPCION,1100,CORDE_DROITE,,,,PLAT,2,CLASSIC MORNING,3,HONGRES,2,SANS_OEILLERES,TATA TIGUA,EDUARDO N. CONCHA,LUIS AROS HARVEY,NON,3p7p1p7p6p,7,1,1,0,1,3212100,2999700,212400,3212100,0,0,57.0,GALOP,,1970-01-01 00:00:00.001092026,1100,CLASSIC MORNING,1,1,1,1.0,1.0,GAZON,FAIBLE,DEFAUT_PROVINCE,GAZON,0,1.1,1,0,0,0,1,0,1,1,HIVER,SPRINT,1,0,0,2,1,0,0,0,3,4,0,2,0.0,1.0,0.0,1.0,0,0,3212100.0,3,62.7,2,0.15299459,0.34870672,0.22149383
1092026,R7,C6,CONCEPCION,1100,CORDE_DROITE,,,,PLAT,1,LADY ASHLEY,3,FEMELLES,1,SANS_OEILLERES,"SANCHEZ Q., RODRIGO",HECTOR CH ARTEAGA,VICENTE ALEXANDER MARDONES GONZA,NON,8p8p4p5p1p,5,1,1,0,0,7006500,6631200,375300,7006500,0,0,51.0,GALOP,,1970-01-01 00:00:00.001092026,1100,LADY ASHLEY,2,1,1,0.5,0.5,GAZON,FAIBLE,DEFAUT_PROVINCE,GAZON,0,1.1,1,0,0,0,1,0,1,1,HIVER,SPRINT,1,0,0,2,0,0,0,0,3,4,0,1,0.0,0.5,0.0,0.5,0,0,3503250.0,6,56.1,1,0.05668371,0.21153675,0.110882275
